file,v2_sha256,v1_sha256,changed_from_v1,csv_member,rows,columns,url,vintage_resolution,has_prch_sfa,has_prch_f
FA2000HD.zip,a3c91094e8e2b953a54d322c0d6a298e909a55fe15ecdf7f8e14800eba1bbcb8,a3c91094e8e2b953a54d322c0d6a298e909a55fe15ecdf7f8e14800eba1bbcb8,False,fa2000hd.csv,9513,105,https://nces.ed.gov/ipeds/datacenter/data/FA2000HD.zip,explicit_legacy_archive_fallback_after_current_endpoint_404,True,True
FA2001HD.zip,b84854005d7e384991ce628a0110b856bca87085bc26b19cce9aad98583203f8,b84854005d7e384991ce628a0110b856bca87085bc26b19cce9aad98583203f8,False,fa2001hd.csv,9769,130,https://nces.ed.gov/ipeds/datacenter/data/FA2001HD.zip,explicit_legacy_archive_fallback_after_current_endpoint_404,True,True
FLAGS2004.zip,22796a77730c3765c681646677c3b0b329cd6943621a134c2cc64b362e86e7c4,22796a77730c3765c681646677c3b0b329cd6943621a134c2cc64b362e86e7c4,False,flags2004.csv,6916,98,https://nces.ed.gov/ipeds/datacenter/data/FLAGS2004.zip,explicit_legacy_archive_fallback_after_current_endpoint_404,True,True
FLAGS2005.zip,1377bc11ae306be058adbc3567288fe3f8293c9591cbe86ccf3c60f1b7441890,1377bc11ae306be058adbc3567288fe3f8293c9591cbe86ccf3c60f1b7441890,False,flags2005.csv,7018,72,https://nces.ed.gov/ipeds/datacenter/data/FLAGS2005.zip,explicit_legacy_archive_fallback_after_current_endpoint_404,True,True
FLAGS2006.zip,fdb7bdd87e2b760f010f6af4b4a06bb4e0b53df5f35f5aeeef83a62ead5c6fa9,fdb7bdd87e2b760f010f6af4b4a06bb4e0b53df5f35f5aeeef83a62ead5c6fa9,False,flags2006.csv,7052,79,https://nces.ed.gov/ipeds/datacenter/data/FLAGS2006.zip,explicit_legacy_archive_fallback_after_current_endpoint_404,True,True
FLAGS2007.zip,b242f8ca319f97df2123541038311f66e8120c5e60123956b12df217602b0e4d,b242f8ca319f97df2123541038311f66e8120c5e60123956b12df217602b0e4d,False,flags2007.csv,7052,79,https://nces.ed.gov/ipeds/datacenter/data/FLAGS2007.zip,explicit_legacy_archive_fallback_after_current_endpoint_404,True,True
FLAGS2008.zip,02d9aab13517d0d1ead99c360a3bf7b5019209e98e3fce883c70c1aa55986bbe,02d9aab13517d0d1ead99c360a3bf7b5019209e98e3fce883c70c1aa55986bbe,False,flags2008.csv,7126,91,https://nces.ed.gov/ipeds/datacenter/data/FLAGS2008.zip,explicit_legacy_archive_fallback_after_current_endpoint_404,True,True
FLAGS2009.zip,c4c7ad7ab3c5d8f1357dbc5778b2fd68a2d9e8955c9bb1c8eddf5a3981c71df9,c4c7ad7ab3c5d8f1357dbc5778b2fd68a2d9e8955c9bb1c8eddf5a3981c71df9,False,flags2009.csv,7316,96,https://nces.ed.gov/ipeds/datacenter/data/FLAGS2009.zip,explicit_legacy_archive_fallback_after_current_endpoint_404,True,True
FLAGS2010.zip,7d3f85f8f957593e5a3f7bbd8c6dfd267dc32b1173501a186d84f67764cc0c79,7d3f85f8f957593e5a3f7bbd8c6dfd267dc32b1173501a186d84f67764cc0c79,False,flags2010.csv,7503,87,https://nces.ed.gov/ipeds/datacenter/data/FLAGS2010.zip,explicit_legacy_archive_fallback_after_current_endpoint_404,True,True
FLAGS2011.zip,35a5bd5094334e38df307b7d2e6306fd86852b83bc9eb92aa30086f651a54517,35a5bd5094334e38df307b7d2e6306fd86852b83bc9eb92aa30086f651a54517,False,flags2011.csv,7643,82,https://nces.ed.gov/ipeds/datacenter/data/FLAGS2011.zip,explicit_legacy_archive_fallback_after_current_endpoint_404,True,True
FLAGS2012.zip,4d3915bbc7ecfde335be7f8134d336a4b568b7934436a07b5f8a908858d37739,4d3915bbc7ecfde335be7f8134d336a4b568b7934436a07b5f8a908858d37739,False,flags2012.csv,7735,83,https://nces.ed.gov/ipeds/datacenter/data/FLAGS2012.zip,explicit_legacy_archive_fallback_after_current_endpoint_404,True,True
FLAGS2013.zip,daa24c8540d6893b629ab7847c7cff7bcab074cdcdc64405cf8f85f4f81a97cf,daa24c8540d6893b629ab7847c7cff7bcab074cdcdc64405cf8f85f4f81a97cf,False,flags2013.csv,7764,84,https://nces.ed.gov/ipeds/datacenter/data/FLAGS2013.zip,explicit_legacy_archive_fallback_after_current_endpoint_404,True,True
FLAGS2014.zip,0a0f6ded7878137da6ae88cb5243c8a0c75d562971d724b73a13d9c61a6fbac6,0a0f6ded7878137da6ae88cb5243c8a0c75d562971d724b73a13d9c61a6fbac6,False,flags2014.csv,7687,96,https://nces.ed.gov/ipeds/datacenter/data/FLAGS2014.zip,explicit_legacy_archive_fallback_after_current_endpoint_404,True,True
FLAGS2015.zip,b3d57a747601beae7eb4d9b300933e6a698c3bbaa4d400ad0000eb138f53839d,b3d57a747601beae7eb4d9b300933e6a698c3bbaa4d400ad0000eb138f53839d,False,flags2015.csv,7647,109,https://nces.ed.gov/ipeds/datacenter/data/FLAGS2015.zip,explicit_legacy_archive_fallback_after_current_endpoint_404,True,True
FLAGS2016.zip,dcd21b11ab3c2a67f42878bd5066a261c456c71e2d7aea95a9cde40f080cf4b8,dcd21b11ab3c2a67f42878bd5066a261c456c71e2d7aea95a9cde40f080cf4b8,False,flags2016.csv,7521,104,https://nces.ed.gov/ipeds/datacenter/data/FLAGS2016.zip,explicit_legacy_archive_fallback_after_current_endpoint_404,True,True
FLAGS2017.zip,39cde977c1da45f07086f6aa33b6f0111cc51ab0c0ae6ee7ef9507c81b079424,39cde977c1da45f07086f6aa33b6f0111cc51ab0c0ae6ee7ef9507c81b079424,False,flags2017.csv,7153,104,https://nces.ed.gov/ipeds/datacenter/data/FLAGS2017.zip,explicit_legacy_archive_fallback_after_current_endpoint_404,True,True
FLAGS2018.zip,1e54a393ae7ca71436e17b5be7c4a2f104d1dd966971d671e02cc032920754b4,1e54a393ae7ca71436e17b5be7c4a2f104d1dd966971d671e02cc032920754b4,False,flags2018.csv,6857,104,https://nces.ed.gov/ipeds/datacenter/data/FLAGS2018.zip,explicit_legacy_archive_fallback_after_current_endpoint_404,True,True
FLAGS2019.zip,369a6c1968801f8a936bc9506dee70d7f3029bd00a3d32704710dcb88c845072,369a6c1968801f8a936bc9506dee70d7f3029bd00a3d32704710dcb88c845072,False,flags2019.csv,6559,107,https://nces.ed.gov/ipeds/datacenter/data/FLAGS2019.zip,explicit_legacy_archive_fallback_after_current_endpoint_404,True,True
FLAGS2020.zip,b5f2474399523eb1028938d188dd1d41a2dea9b329d44b9024e92a8b085f645a,b5f2474399523eb1028938d188dd1d41a2dea9b329d44b9024e92a8b085f645a,False,flags2020.csv,6440,111,https://nces.ed.gov/ipeds/datacenter/data/FLAGS2020.zip,explicit_legacy_archive_fallback_after_current_endpoint_404,True,True
FLAGS2021.zip,0304339c403823d7900169906c564b60b951e2b85c95d9a4640d6b9898bf4d2f,0304339c403823d7900169906c564b60b951e2b85c95d9a4640d6b9898bf4d2f,False,flags2021.csv,6289,111,https://nces.ed.gov/ipeds/datacenter/data/FLAGS2021.zip,explicit_legacy_archive_fallback_after_current_endpoint_404,True,True
FLAGS2022.zip,85c10ad91d332165c51a0c5ac834244e53fff0b1d09223ca6066a986fe75cdbb,85c10ad91d332165c51a0c5ac834244e53fff0b1d09223ca6066a986fe75cdbb,False,flags2022.csv,6256,114,https://nces.ed.gov/ipeds/datacenter/data/FLAGS2022.zip,explicit_legacy_archive_fallback_after_current_endpoint_404,True,True
FLAGS2023.zip,77f23ec720ab080284ad48448ccdd819da990efe0e152990054fc0d22e5a601e,df763ac04b15821bbcaa1dac238cbea9c2d88a5ae1b3532e2d1cd90489c8e3d3,True,flags2023.csv,6163,114,https://nces.ed.gov/ipeds/complete-data-files/FLAGS2023.zip,current_complete_data_files_endpoint,True,True
FLAGS2024.zip,d208a29e446e3a858cd8af70982b940578cbfe32a511533a4d22c2d1e0adae1e,32f03112556d4b575c02d100a44eee13bb970f6b2009500c872864a15f71e54d,True,flags2024.csv,6072,118,https://nces.ed.gov/ipeds/complete-data-files/FLAGS2024.zip,current_complete_data_files_endpoint,True,True
FLAGS2025.zip,492379dec18320f9110cf4a3e53cf850a8ed93846565868eaecb8a43c9bc58a1,,,flags2025.csv,5988,19,https://nces.ed.gov/ipeds/complete-data-files/FLAGS2025.zip,current_complete_data_files_endpoint,False,False
HD2002.zip,92c59fbfc243f6afd1420f2fcb7ddac2b227f699672434da5f626f7736080c16,92c59fbfc243f6afd1420f2fcb7ddac2b227f699672434da5f626f7736080c16,False,hd2002.csv,7643,133,https://nces.ed.gov/ipeds/datacenter/data/HD2002.zip,explicit_legacy_archive_fallback_after_current_endpoint_404,True,True
HD2003.zip,1448f42f112f8127c1d003caec8d983317c433c0e98d636ae1b5f19c7880f349,1448f42f112f8127c1d003caec8d983317c433c0e98d636ae1b5f19c7880f349,False,hd2003.csv,7030,131,https://nces.ed.gov/ipeds/datacenter/data/HD2003.zip,explicit_legacy_archive_fallback_after_current_endpoint_404,True,True
HD2004.zip,92a3dc3079f3e7cd5dcd2693361ee8a84661c373851682a9d4a21a36fd95aa5f,92a3dc3079f3e7cd5dcd2693361ee8a84661c373851682a9d4a21a36fd95aa5f,False,hd2004.csv,6916,45,https://nces.ed.gov/ipeds/datacenter/data/HD2004.zip,explicit_legacy_archive_fallback_after_current_endpoint_404,False,False
HD2005.zip,b6c9c0e4634f4404d0670c907e22964ea96932eb2cebbc2efb0759fe055ecbb7,b6c9c0e4634f4404d0670c907e22964ea96932eb2cebbc2efb0759fe055ecbb7,False,hd2005.csv,7018,54,https://nces.ed.gov/ipeds/datacenter/data/HD2005.zip,explicit_legacy_archive_fallback_after_current_endpoint_404,False,False
HD2006.zip,2fe089ae93b3df0085e31ee76471db2cedbc8d2d1d08a6497f460d5cec68cab6,2fe089ae93b3df0085e31ee76471db2cedbc8d2d1d08a6497f460d5cec68cab6,False,hd2006.csv,7052,55,https://nces.ed.gov/ipeds/datacenter/data/HD2006.zip,explicit_legacy_archive_fallback_after_current_endpoint_404,False,False
HD2007.zip,ee66cd0e6676b63dd051d4469d93ddf9492b1d6a2983105a061d2ddc0ac0717d,ee66cd0e6676b63dd051d4469d93ddf9492b1d6a2983105a061d2ddc0ac0717d,False,hd2007.csv,7052,59,https://nces.ed.gov/ipeds/datacenter/data/HD2007.zip,explicit_legacy_archive_fallback_after_current_endpoint_404,False,False
HD2008.zip,eb760d8fd5fa8591e2e4149af1c1954e52ba9a8aacbb5327d066511ff8d7d25b,eb760d8fd5fa8591e2e4149af1c1954e52ba9a8aacbb5327d066511ff8d7d25b,False,hd2008.csv,7126,59,https://nces.ed.gov/ipeds/datacenter/data/HD2008.zip,explicit_legacy_archive_fallback_after_current_endpoint_404,False,False
HD2009.zip,6639ed79d93a4313e0be5830d8250709924811f8dec3fb664a9dea56f7dc1774,6639ed79d93a4313e0be5830d8250709924811f8dec3fb664a9dea56f7dc1774,False,hd2009.csv,7316,63,https://nces.ed.gov/ipeds/datacenter/data/HD2009.zip,explicit_legacy_archive_fallback_after_current_endpoint_404,False,False
HD2010.zip,72874b792f3c17c143002261af505340742f361645814f120216bda0ccaddb9c,72874b792f3c17c143002261af505340742f361645814f120216bda0ccaddb9c,False,hd2010.csv,7503,66,https://nces.ed.gov/ipeds/datacenter/data/HD2010.zip,explicit_legacy_archive_fallback_after_current_endpoint_404,False,False
HD2011.zip,cc25e07c20380b1254f3a2d000d118cb1ec920d989a3071058c21ac8732548b6,cc25e07c20380b1254f3a2d000d118cb1ec920d989a3071058c21ac8732548b6,False,hd2011.csv,7643,66,https://nces.ed.gov/ipeds/datacenter/data/HD2011.zip,explicit_legacy_archive_fallback_after_current_endpoint_404,False,False
HD2012.zip,8d806d818194ccefdc594204025d4c17610338770a0ff130d28f251eec05691e,8d806d818194ccefdc594204025d4c17610338770a0ff130d28f251eec05691e,False,hd2012.csv,7735,65,https://nces.ed.gov/ipeds/datacenter/data/HD2012.zip,explicit_legacy_archive_fallback_after_current_endpoint_404,False,False
HD2013.zip,d9690d6c37c1616f5c7e9f5ea845a9a9a72ea06665db2626bfb07c5c5dff809f,d9690d6c37c1616f5c7e9f5ea845a9a9a72ea06665db2626bfb07c5c5dff809f,False,hd2013.csv,7764,68,https://nces.ed.gov/ipeds/datacenter/data/HD2013.zip,explicit_legacy_archive_fallback_after_current_endpoint_404,False,False
HD2014.zip,ff890e8305d3576c9ab9a0f3c6837ebce4fe5ce5c0d92374a0773f0a9f4150b8,ff890e8305d3576c9ab9a0f3c6837ebce4fe5ce5c0d92374a0773f0a9f4150b8,False,hd2014.csv,7687,69,https://nces.ed.gov/ipeds/datacenter/data/HD2014.zip,explicit_legacy_archive_fallback_after_current_endpoint_404,False,False
HD2015.zip,17db8753dd1dc404899d8a40fbc4c1eb3d96dd07d06b4b21e6ad994c778351df,17db8753dd1dc404899d8a40fbc4c1eb3d96dd07d06b4b21e6ad994c778351df,False,hd2015.csv,7647,70,https://nces.ed.gov/ipeds/datacenter/data/HD2015.zip,explicit_legacy_archive_fallback_after_current_endpoint_404,False,False
HD2016.zip,a09e91d3e3b7ef63fb30b5372402f3805c5da1c74959925486036745f2fb664e,a09e91d3e3b7ef63fb30b5372402f3805c5da1c74959925486036745f2fb664e,False,hd2016.csv,7521,72,https://nces.ed.gov/ipeds/datacenter/data/HD2016.zip,explicit_legacy_archive_fallback_after_current_endpoint_404,False,False
HD2017.zip,4dbb7905c0436ed97920d4d876e4c598f5f18c2c742dab9972b804b6ee133e57,4dbb7905c0436ed97920d4d876e4c598f5f18c2c742dab9972b804b6ee133e57,False,hd2017.csv,7153,72,https://nces.ed.gov/ipeds/datacenter/data/HD2017.zip,explicit_legacy_archive_fallback_after_current_endpoint_404,False,False
HD2018.zip,4e632bc76441c12e8e42b4e66dd6af99aa332342c4879920c09d7d8317cf9b29,4e632bc76441c12e8e42b4e66dd6af99aa332342c4879920c09d7d8317cf9b29,False,hd2018.csv,6857,73,https://nces.ed.gov/ipeds/datacenter/data/HD2018.zip,explicit_legacy_archive_fallback_after_current_endpoint_404,False,False
HD2019.zip,727cb3484666e5fea8669ce0fb2ad4606ed19531b47cf428d6748072d7e7ab26,727cb3484666e5fea8669ce0fb2ad4606ed19531b47cf428d6748072d7e7ab26,False,hd2019.csv,6559,73,https://nces.ed.gov/ipeds/datacenter/data/HD2019.zip,explicit_legacy_archive_fallback_after_current_endpoint_404,False,False
HD2020.zip,cfbdf04201f4be4ae6f98b3800424b6fffd498ec2932f34d287b3d9f17aa3475,cfbdf04201f4be4ae6f98b3800424b6fffd498ec2932f34d287b3d9f17aa3475,False,hd2020.csv,6440,73,https://nces.ed.gov/ipeds/datacenter/data/HD2020.zip,explicit_legacy_archive_fallback_after_current_endpoint_404,False,False
HD2021.zip,6ea1a974e2994cfcf066b4910bcdad7b0df6f927e6871f3d55532af94b965389,6ea1a974e2994cfcf066b4910bcdad7b0df6f927e6871f3d55532af94b965389,False,hd2021.csv,6289,74,https://nces.ed.gov/ipeds/datacenter/data/HD2021.zip,explicit_legacy_archive_fallback_after_current_endpoint_404,False,False
HD2022.zip,e36389b793741bf6886b8d85fa9b42614644162b0d0b1d024a663a9c1865c782,e36389b793741bf6886b8d85fa9b42614644162b0d0b1d024a663a9c1865c782,False,hd2022.csv,6256,73,https://nces.ed.gov/ipeds/datacenter/data/HD2022.zip,explicit_legacy_archive_fallback_after_current_endpoint_404,False,False
HD2023.zip,7865dec01a81ec0550aba7d862a49983de8bce45a603aee45af36e6c9692110b,e11d35af6f50fbe2f51d8ddd5a9d4f49860abbab7d73beae1f8524f13ad8945b,True,hd2023.csv,6163,73,https://nces.ed.gov/ipeds/complete-data-files/HD2023.zip,current_complete_data_files_endpoint,False,False
HD2024.zip,b03acd261382fc92fe793aecac084820eec7a0e543dc9541c271b55d712331d3,d98425c123d7c0e872aec6e83960dfb501884818bf17385c340790f3d1f28345,True,hd2024.csv,6072,72,https://nces.ed.gov/ipeds/complete-data-files/HD2024.zip,current_complete_data_files_endpoint,False,False
HD2025.zip,aadad9277a2255c85813b6d206475ddbf8a7330d79cc0236c2ecae685b00f1bf,,,hd2025.csv,5985,70,https://nces.ed.gov/ipeds/complete-data-files/HD2025.zip,current_complete_data_files_endpoint,False,False
IC99_HD.zip,98e495aee92ffc857afdf182b692a006a955020172e9d529846a6e1a5876ca75,98e495aee92ffc857afdf182b692a006a955020172e9d529846a6e1a5876ca75,False,ic99_hd.csv,9496,54,https://nces.ed.gov/ipeds/datacenter/data/IC99_HD.zip,explicit_legacy_archive_fallback_after_current_endpoint_404,False,False
