award_year,ipeds_year,unitid,instnm,opeid8,stabbr,city,sector,opeflag,act,cyactive,pset4flg,prch_f,idx_f,prch_sfa,idx_sfa,possible_group_evidence_category,diagnostic_root_fsa_opeids_json,official_observed_main_fsa_opeids_json,official_shared_parent_fsa_opeids_json,official_parent_reference_fsa_opeids_json,all_possible_group_fsa_opeids_json,cw_site_opeids_for_residual_unitid_json,cw_site_parent_opeids_json,cw_site_source_codes_json,cw_site_evidence_has_incomplete_parse,cw_reference_year_available,cw_preliminary_year,assignment_status,residual_type,fsa_observed_first_award_year,fsa_observed_last_award_year,fsa_observed_award_years
2024-2025,2024,100733,University of Alabama System Office,00800400,AL,Tuscaloosa,0,2,A,1,1,-2,-2,-2,-2,no_group_evidence_in_reviewed_sources,[],[],[],[],[],"[""00800400""]","[""00800400""]","[""1""]",False,True,True,no_direct_candidate; affiliation_and_root_are_review_only; no_assignment_or_amount_allocation,administrative_office,,,
2024-2025,2024,103529,University of Alaska System of Higher Education,00800500,AK,Fairbanks,0,2,A,1,1,-2,-2,-2,-2,no_group_evidence_in_reviewed_sources,[],[],[],[],[],"[""00800500""]","[""00800500""]","[""1""]",False,True,True,no_direct_candidate; affiliation_and_root_are_review_only; no_assignment_or_amount_allocation,administrative_office,,,
2024-2025,2024,105136,Maricopa Community College System Office,00107500,AZ,Tempe,0,2,A,1,1,1,105136,-2,-2,no_group_evidence_in_reviewed_sources,[],[],[],[],[],"[""00107500""]","[""00107500""]","[""1""]",False,True,True,no_direct_candidate; affiliation_and_root_are_review_only; no_assignment_or_amount_allocation,administrative_office,,,
2024-2025,2024,108056,University of Arkansas System Office,00800800,AR,Little Rock,0,2,A,1,1,-2,-2,-2,-2,no_group_evidence_in_reviewed_sources,[],[],[],[],[],"[""00800800""]","[""00800800""]","[""1""]",False,True,True,no_direct_candidate; affiliation_and_root_are_review_only; no_assignment_or_amount_allocation,administrative_office,,,
2024-2025,2024,110501,California State University-Chancellors Office,00113600,CA,Long Beach,0,2,A,1,1,-2,-2,-2,-2,no_group_evidence_in_reviewed_sources,[],[],[],[],[],"[""00113600""]","[""00113600""]","[""1""]",False,True,True,no_direct_candidate; affiliation_and_root_are_review_only; no_assignment_or_amount_allocation,administrative_office,,,
2024-2025,2024,112127,Church Divinity School of the Pacific,00116500,CA,Berkeley,2,1,A,1,1,-2,-2,-2,-2,no_group_evidence_in_reviewed_sources,[],[],[],[],[],"[""00116500""]","[""00116500""]","[""1""]",False,True,True,no_direct_candidate; affiliation_and_root_are_review_only; no_assignment_or_amount_allocation,other_active_participating_institution_no_observed_direct_or_group_link,1999-2000,2023-2024,25.0
2024-2025,2024,112376,Coast Community College District Office,00871100,CA,Costa Mesa,0,2,A,1,1,-2,-2,-2,-2,no_group_evidence_in_reviewed_sources,[],[],[],[],[],"[""00871100""]","[""00871100""]","[""1""]",False,True,True,no_direct_candidate; affiliation_and_root_are_review_only; no_assignment_or_amount_allocation,administrative_office,,,
2024-2025,2024,112817,Contra Costa Community College District Office,00118900,CA,Martinez,0,2,A,1,1,1,112817,-2,-2,no_group_evidence_in_reviewed_sources,[],[],[],[],[],"[""00118900""]","[""00118900""]","[""1""]",False,True,True,no_direct_candidate; affiliation_and_root_are_review_only; no_assignment_or_amount_allocation,administrative_office,,,
2024-2025,2024,114831,Foothill-De Anza Community College District,00902000,CA,Los Altos Hills,0,2,A,1,1,1,114831,-2,-2,no_group_evidence_in_reviewed_sources,[],[],[],[],[],"[""00902000""]","[""00902000""]","[""1""]",False,True,True,no_direct_candidate; affiliation_and_root_are_review_only; no_assignment_or_amount_allocation,administrative_office,,,
2024-2025,2024,115287,Grossmont-Cuyamaca Community College District,00700600,CA,El Cajon,0,2,A,1,1,1,115287,-2,-2,no_group_evidence_in_reviewed_sources,[],[],[],[],[],"[""00700600""]","[""00700600""]","[""1""]",False,True,True,no_direct_candidate; affiliation_and_root_are_review_only; no_assignment_or_amount_allocation,administrative_office,,,
2024-2025,2024,117681,Los Angeles Community College District Office,00122100,CA,Los Angeles,0,2,A,1,1,1,117681,-2,-2,no_group_evidence_in_reviewed_sources,[],[],[],[],[],"[""00122100""]","[""00122100""]","[""1""]",False,True,True,no_direct_candidate; affiliation_and_root_are_review_only; no_assignment_or_amount_allocation,administrative_office,,,
2024-2025,2024,117900,Los Rios Community College District Office,00123100,CA,Sacramento,0,2,A,1,1,1,117900,-2,-2,no_group_evidence_in_reviewed_sources,[],[],[],[],[],"[""00123100""]","[""00123100""]","[""1""]",False,True,True,no_direct_candidate; affiliation_and_root_are_review_only; no_assignment_or_amount_allocation,administrative_office,,,
2024-2025,2024,120023,North Orange County Community College District,00974200,CA,Anaheim,0,2,A,1,1,1,120023,-2,-2,no_group_evidence_in_reviewed_sources,[],[],[],[],[],"[""00974200""]","[""00974200""]","[""1""]",False,True,True,no_direct_candidate; affiliation_and_root_are_review_only; no_assignment_or_amount_allocation,administrative_office,,,
2024-2025,2024,120838,Pacific States University,03163300,CA,Los Angeles,2,1,A,1,1,-2,-2,-2,-2,no_group_evidence_in_reviewed_sources,[],[],[],[],[],"[""03163300""]","[""03163300""]","[""1""]",False,True,True,no_direct_candidate; affiliation_and_root_are_review_only; no_assignment_or_amount_allocation,other_active_participating_institution_no_observed_direct_or_group_link,1999-2000,2020-2021,22.0
2024-2025,2024,121178,Peralta Community College System Office,00126500,CA,Oakland,0,2,A,1,1,1,121178,-2,-2,no_group_evidence_in_reviewed_sources,[],[],[],[],[],"[""00126500""]","[""00126500""]","[""1""]",False,True,True,no_direct_candidate; affiliation_and_root_are_review_only; no_assignment_or_amount_allocation,administrative_office,,,
2024-2025,2024,122320,San Diego Community College District-District Office,00889500,CA,San Diego,0,2,A,1,1,-2,-2,-2,-2,no_group_evidence_in_reviewed_sources,[],[],[],[],[],"[""00889500""]","[""00889500""]","[""1""]",False,True,True,no_direct_candidate; affiliation_and_root_are_review_only; no_assignment_or_amount_allocation,administrative_office,,,
2024-2025,2024,122782,San Mateo County Community College District Office,00469700,CA,San Mateo,0,2,A,1,1,-2,-2,-2,-2,no_group_evidence_in_reviewed_sources,[],[],[],[],[],"[""00469700""]","[""00469700""]","[""1""]",False,True,True,no_direct_candidate; affiliation_and_root_are_review_only; no_assignment_or_amount_allocation,administrative_office,,,
2024-2025,2024,123925,State Center Community College District,00130600,CA,Fresno,0,2,A,1,1,1,123925,-2,-2,no_group_evidence_in_reviewed_sources,[],[],[],[],[],"[""00130600""]","[""00130600""]","[""1""]",False,True,True,no_direct_candidate; affiliation_and_root_are_review_only; no_assignment_or_amount_allocation,administrative_office,,,
2024-2025,2024,124557,University of California-System Administration Central Office,00131100,CA,Oakland,0,2,A,1,1,1,124557,-2,-2,no_group_evidence_in_reviewed_sources,[],[],[],[],[],"[""00131100""]","[""00131100""]","[""1""]",False,True,True,no_direct_candidate; affiliation_and_root_are_review_only; no_assignment_or_amount_allocation,administrative_office,,,
2024-2025,2024,125019,Ventura County Community College System Office,00686300,CA,Camarillo,0,1,A,1,1,1,125019,-2,-2,no_group_evidence_in_reviewed_sources,[],[],[],[],[],"[""00686300""]","[""00686300""]","[""1""]",False,True,True,no_direct_candidate; affiliation_and_root_are_review_only; no_assignment_or_amount_allocation,administrative_office,1999-2000,2005-2006,7.0
2024-2025,2024,125222,West Valley Mission Community College District Office,02913900,CA,Saratoga,0,2,A,1,1,1,125222,-2,-2,no_group_evidence_in_reviewed_sources,[],[],[],[],[],"[""02913900""]","[""02913900""]","[""1""]",False,True,True,no_direct_candidate; affiliation_and_root_are_review_only; no_assignment_or_amount_allocation,administrative_office,,,
2024-2025,2024,126100,Yosemite Community College District Office,00914600,CA,Modesto,0,2,A,1,1,1,126100,-2,-2,no_group_evidence_in_reviewed_sources,[],[],[],[],[],"[""00914600""]","[""00914600""]","[""1""]",False,True,True,no_direct_candidate; affiliation_and_root_are_review_only; no_assignment_or_amount_allocation,administrative_office,,,
2024-2025,2024,128328,United States Air Force Academy,00136900,CO,USAF Academy,1,3,A,1,1,5,-2,-2,-2,no_group_evidence_in_reviewed_sources,[],[],[],[],[],"[""00136900""]","[""00136900""]","[""1""]",False,True,True,no_direct_candidate; affiliation_and_root_are_review_only; no_assignment_or_amount_allocation,deferment_only,,,
2024-2025,2024,130624,United States Coast Guard Academy,00141500,CT,New London,1,5,A,1,1,-2,-2,-2,-2,no_group_evidence_in_reviewed_sources,[],[],[],[],[],"[""00141500""]","[""00141500""]","[""1""]",False,True,True,no_direct_candidate; affiliation_and_root_are_review_only; no_assignment_or_amount_allocation,not_participating_with_opeid,,,
2024-2025,2024,136701,Saint Vincent de Paul Regional Seminary,00822300,FL,Boynton Beach,2,1,A,1,1,-2,-2,-2,-2,no_group_evidence_in_reviewed_sources,[],[],[],[],[],"[""00822300""]","[""00822300""]","[""1""]",False,True,True,no_direct_candidate; affiliation_and_root_are_review_only; no_assignment_or_amount_allocation,other_active_participating_institution_no_observed_direct_or_group_link,1999-2000,2020-2021,18.0
2024-2025,2024,141963,University of Hawaii System Office,00788500,HI,Honolulu,0,2,A,1,1,-2,-2,-2,-2,no_group_evidence_in_reviewed_sources,[],[],[],[],[],"[""00788500""]","[""00788500""]","[""1""]",False,True,True,no_direct_candidate; affiliation_and_root_are_review_only; no_assignment_or_amount_allocation,administrative_office,,,
2024-2025,2024,143233,Bethany Theological Seminary,00163700,IN,Richmond,2,1,A,1,1,-2,-2,-2,-2,no_group_evidence_in_reviewed_sources,[],[],[],[],[],"[""00163700""]","[""00163700""]","[""1""]",False,True,True,no_direct_candidate; affiliation_and_root_are_review_only; no_assignment_or_amount_allocation,other_active_participating_institution_no_observed_direct_or_group_link,1999-2000,2023-2024,25.0
2024-2025,2024,144777,DeVry University-Administrative Office,02075400,IL,Lisle,0,2,A,1,1,1,144777,-2,-2,no_group_evidence_in_reviewed_sources,[],[],[],[],[],"[""02075400"", ""02075401"", ""02075402"", ""02075403"", ""02075404"", ""02075405"", ""02075407"", ""02075408"", ""02075409"", ""02075410"", ""02075411"", ""02075412"", ""02075413"", ""02075414"", ""02075415"", ""02075416"", ""02075417"", ""02075418"", ""02075419"", ""02075420"", ""02075421"", ""02075422"", ""02075423"", ""02075424"", ""02075425"", ""02075426"", ""02075427"", ""02075428"", ""02075429"", ""02075430"", ""02075431"", ""02075432"", ""02075433"", ""02075434"", ""02075436"", ""02075437"", ""02075438"", ""02075439"", ""02075440"", ""02075441"", ""02075442"", ""02075443"", ""02075444"", ""02075445"", ""02075446"", ""02075447"", ""02075448"", ""02075449"", ""02075450"", ""02075451"", ""02075452"", ""02075453"", ""02075454"", ""02075455"", ""02075456"", ""02075457"", ""02075458"", ""02075459"", ""02075460"", ""02075461"", ""02075462"", ""02075463"", ""02075464"", ""02075465"", ""02075466"", ""02075467"", ""02075468"", ""02075469"", ""02075470"", ""02075471"", ""02075472"", ""02075473"", ""02075474"", ""02075476"", ""02075477"", ""02075478"", ""02075479"", ""02075480"", ""02075481"", ""02075482"", ""02075483"", ""02075484"", ""02075485"", ""02075486"", ""02075487"", ""02075488"", ""02075489"", ""02075490"", ""02075491"", ""02075492"", ""02075493"", ""02075494"", ""02075495"", ""02075496"", ""02075497"", ""02075498"", ""02075499"", ""12075400"", ""12075401"", ""12075402"", ""12075403"", ""12075404"", ""12075405"", ""12075406"", ""12075407"", ""12075408""]","[""02075400""]","[""1""]",False,True,True,no_direct_candidate; affiliation_and_root_are_review_only; no_assignment_or_amount_allocation,administrative_office,1999-2000,2012-2013,14.0
2024-2025,2024,146977,McCormick Theological Seminary,00172100,IL,Chicago,2,1,A,1,1,-2,-2,-2,-2,no_group_evidence_in_reviewed_sources,[],[],[],[],[],"[""00172100""]","[""00172100""]","[""1""]",False,True,True,no_direct_candidate; affiliation_and_root_are_review_only; no_assignment_or_amount_allocation,other_active_participating_institution_no_observed_direct_or_group_link,1999-2000,2023-2024,25.0
2024-2025,2024,148876,St. Augustine College,02185400,IL,Chicago,2,1,A,1,1,-2,-2,-2,-2,no_group_evidence_in_reviewed_sources,[],[],[],[],[],"[""02185400"", ""02185401"", ""02185402"", ""02185403"", ""02185404""]","[""02185400""]","[""1""]",False,True,True,no_direct_candidate; affiliation_and_root_are_review_only; no_assignment_or_amount_allocation,other_active_participating_institution_no_observed_direct_or_group_link,1999-2000,2023-2024,25.0
2024-2025,2024,148982,Spertus College,00166300,IL,Chicago,2,1,A,1,1,-2,-2,-2,-2,no_group_evidence_in_reviewed_sources,[],[],[],[],[],"[""00166300""]","[""00166300""]","[""1""]",False,True,True,no_direct_candidate; affiliation_and_root_are_review_only; no_assignment_or_amount_allocation,other_active_participating_institution_no_observed_direct_or_group_link,1999-2000,2023-2024,24.0
2024-2025,2024,149240,Southern Illinois University-System Office,00823700,IL,Carbondale,0,2,A,1,1,-2,-2,-2,-2,no_group_evidence_in_reviewed_sources,[],[],[],[],[],"[""00823700""]","[""00823700""]","[""1""]",False,True,True,no_direct_candidate; affiliation_and_root_are_review_only; no_assignment_or_amount_allocation,administrative_office,,,
2024-2025,2024,149587,University of Illinois System Offices,00800100,IL,Urbana,0,2,A,1,1,-2,-2,-2,-2,no_group_evidence_in_reviewed_sources,[],[],[],[],[],"[""00800100""]","[""00800100""]","[""1""]",False,True,True,no_direct_candidate; affiliation_and_root_are_review_only; no_assignment_or_amount_allocation,administrative_office,,,
2024-2025,2024,151865,Anabaptist Mennonite Biblical Seminary,00182300,IN,Elkhart,2,1,A,1,1,-2,-2,-2,-2,no_group_evidence_in_reviewed_sources,[],[],[],[],[],"[""00182300""]","[""00182300""]","[""1""]",False,True,True,no_direct_candidate; affiliation_and_root_are_review_only; no_assignment_or_amount_allocation,other_active_participating_institution_no_observed_direct_or_group_link,1999-2000,2023-2024,25.0
2024-2025,2024,152044,West Michigan College of Barbering and Beauty,02491000,MI,Kalamazoo,6,1,A,1,1,-2,-2,-2,-2,no_group_evidence_in_reviewed_sources,[],[],[],[],[],"[""02491000""]","[""02491000""]","[""1""]",False,True,True,no_direct_candidate; affiliation_and_root_are_review_only; no_assignment_or_amount_allocation,other_active_participating_institution_no_observed_direct_or_group_link,1999-2000,2023-2024,25.0
2024-2025,2024,152451,Saint Meinrad School of Theology,00727600,IN,St. Meinrad,2,1,A,1,1,-2,-2,-2,-2,no_group_evidence_in_reviewed_sources,[],[],[],[],[],"[""00727600""]","[""00727600""]","[""1""]",False,True,True,no_direct_candidate; affiliation_and_root_are_review_only; no_assignment_or_amount_allocation,other_active_participating_institution_no_observed_direct_or_group_link,1999-2000,2023-2024,25.0
2024-2025,2024,157854,Kentucky Community and Technical College System,00549500,KY,Versailles,0,2,A,1,1,1,157854,-2,-2,no_group_evidence_in_reviewed_sources,[],[],[],[],[],"[""00549500"", ""00549501"", ""00549502"", ""00549503"", ""00549504""]","[""00549500""]","[""1""]",False,True,True,no_direct_candidate; affiliation_and_root_are_review_only; no_assignment_or_amount_allocation,administrative_office,2002-2003,2004-2005,3.0
2024-2025,2024,160597,Stevensons Academy of Hair Design,02269300,LA,New Orleans,9,1,A,1,1,-2,-2,-2,-2,no_group_evidence_in_reviewed_sources,[],[],[],[],[],"[""02269300""]","[""02269300""]","[""1""]",False,True,True,no_direct_candidate; affiliation_and_root_are_review_only; no_assignment_or_amount_allocation,other_active_participating_institution_no_observed_direct_or_group_link,1999-2000,2023-2024,25.0
2024-2025,2024,161280,University of Maine-System Central Office,00801200,ME,Orono,0,2,A,1,1,-2,-2,-2,-2,no_group_evidence_in_reviewed_sources,[],[],[],[],[],"[""00801200""]","[""00801200""]","[""1""]",False,True,True,no_direct_candidate; affiliation_and_root_are_review_only; no_assignment_or_amount_allocation,administrative_office,,,
2024-2025,2024,164085,Maryland University of Integrative Health,02578400,MD,Laurel,2,1,A,1,1,-2,-2,-2,-2,no_group_evidence_in_reviewed_sources,[],[],[],[],[],"[""02578400""]","[""02578400""]","[""1""]",False,True,True,no_direct_candidate; affiliation_and_root_are_review_only; no_assignment_or_amount_allocation,other_active_participating_institution_no_observed_direct_or_group_link,1999-2000,2023-2024,25.0
2024-2025,2024,164146,University System of Maryland,00795900,MD,Baltimore,0,2,A,1,1,-2,-2,-2,-2,no_group_evidence_in_reviewed_sources,[],[],[],[],[],"[""00795900""]","[""00795900""]","[""1""]",False,True,True,no_direct_candidate; affiliation_and_root_are_review_only; no_assignment_or_amount_allocation,administrative_office,,,
2024-2025,2024,164155,United States Naval Academy,00210100,MD,Annapolis,1,3,A,1,1,5,-2,-2,-2,no_group_evidence_in_reviewed_sources,[],[],[],[],[],"[""00210100""]","[""00210100""]","[""1""]",False,True,True,no_direct_candidate; affiliation_and_root_are_review_only; no_assignment_or_amount_allocation,deferment_only,,,
2024-2025,2024,166665,University of Massachusetts-Central Office,00801700,MA,Boston,0,2,A,1,1,-2,-2,-2,-2,no_group_evidence_in_reviewed_sources,[],[],[],[],[],"[""00801700""]","[""00801700""]","[""1""]",False,True,True,no_direct_candidate; affiliation_and_root_are_review_only; no_assignment_or_amount_allocation,administrative_office,,,
2024-2025,2024,167677,Saint John's Seminary,00221400,MA,Brighton,2,1,A,1,1,-2,-2,-2,-2,no_group_evidence_in_reviewed_sources,[],[],[],[],[],"[""00221400"", ""00221401""]","[""00221400""]","[""1""]",False,True,True,no_direct_candidate; affiliation_and_root_are_review_only; no_assignment_or_amount_allocation,other_active_participating_institution_no_observed_direct_or_group_link,1999-2000,2017-2018,17.0
2024-2025,2024,174190,Nova Academy of Cosmetology Woodbury,02238100,MN,WOODBURY,9,1,A,1,1,-2,-2,-2,-2,no_group_evidence_in_reviewed_sources,[],[],[],[],[],"[""02238100""]","[""02238100""]","[""1""]",False,True,True,no_direct_candidate; affiliation_and_root_are_review_only; no_assignment_or_amount_allocation,other_active_participating_institution_no_observed_direct_or_group_link,1999-2000,2023-2024,25.0
2024-2025,2024,175999,Board of Trustees-Mississippi State Institutions of Higher Learning,00876400,MS,Jackson,0,2,A,1,1,-2,-2,-2,-2,no_group_evidence_in_reviewed_sources,[],[],[],[],[],"[""00876400""]","[""00876400""]","[""1""]",False,True,True,no_direct_candidate; affiliation_and_root_are_review_only; no_assignment_or_amount_allocation,administrative_office,,,
2024-2025,2024,178439,University of Missouri-System Office,00251500,MO,Columbia,0,2,A,1,1,-2,-2,-2,-2,no_group_evidence_in_reviewed_sources,[],[],[],[],[],"[""00251500""]","[""00251500""]","[""1""]",False,True,True,no_direct_candidate; affiliation_and_root_are_review_only; no_assignment_or_amount_allocation,administrative_office,,,
2024-2025,2024,181747,University of Nebraska-Central Administration System Office,00802500,NE,Lincoln,0,2,A,1,1,-2,-2,-2,-2,no_group_evidence_in_reviewed_sources,[],[],[],[],[],"[""00802500""]","[""00802500""]","[""1""]",False,True,True,no_direct_candidate; affiliation_and_root_are_review_only; no_assignment_or_amount_allocation,administrative_office,,,
2024-2025,2024,182519,Nevada System of Higher Education-System Office,00802600,NV,Reno,0,2,A,1,1,-2,-2,-2,-2,no_group_evidence_in_reviewed_sources,[],[],[],[],[],"[""00802600""]","[""00802600""]","[""1""]",False,True,True,no_direct_candidate; affiliation_and_root_are_review_only; no_assignment_or_amount_allocation,administrative_office,,,
2024-2025,2024,183327,University System of New Hampshire System Office,00802700,NH,Concord,0,2,A,1,1,-2,-2,-2,-2,no_group_evidence_in_reviewed_sources,[],[],[],[],[],"[""00802700""]","[""00802700""]","[""1""]",False,True,True,no_direct_candidate; affiliation_and_root_are_review_only; no_assignment_or_amount_allocation,administrative_office,,,
2024-2025,2024,190035,CUNY System Office,02506100,NY,New York,0,1,A,1,1,-2,-2,-2,-2,no_group_evidence_in_reviewed_sources,[],[],[],[],[],"[""02506100""]","[""02506100""]","[""1""]",False,True,True,no_direct_candidate; affiliation_and_root_are_review_only; no_assignment_or_amount_allocation,administrative_office,1999-2000,2023-2024,25.0
2024-2025,2024,195827,SUNY-System Office,00878800,NY,Albany,0,1,A,1,1,-2,-2,-2,-2,no_group_evidence_in_reviewed_sources,[],[],[],[],[],"[""00878800""]","[""00878800""]","[""1""]",False,True,True,no_direct_candidate; affiliation_and_root_are_review_only; no_assignment_or_amount_allocation,administrative_office,1999-2000,2005-2006,7.0
2024-2025,2024,197036,United States Military Academy,00289300,NY,West  Point,1,3,A,1,1,5,-2,-2,-2,no_group_evidence_in_reviewed_sources,[],[],[],[],[],"[""00289300""]","[""00289300""]","[""1""]",False,True,True,no_direct_candidate; affiliation_and_root_are_review_only; no_assignment_or_amount_allocation,deferment_only,,,
2024-2025,2024,199175,University of North Carolina System,00297100,NC,Raleigh,0,2,A,1,1,-2,-2,-2,-2,no_group_evidence_in_reviewed_sources,[],[],[],[],[],"[""00297100""]","[""00297100""]","[""1""]",False,True,True,no_direct_candidate; affiliation_and_root_are_review_only; no_assignment_or_amount_allocation,administrative_office,,,
2024-2025,2024,199582,Saint Augustine's University,00296800,NC,Raleigh,2,1,A,1,1,-2,-2,-2,-2,no_group_evidence_in_reviewed_sources,[],[],[],[],[],"[""00296800""]","[""00296800""]","[""1""]",False,True,True,no_direct_candidate; affiliation_and_root_are_review_only; no_assignment_or_amount_allocation,other_active_participating_institution_no_observed_direct_or_group_link,1999-2000,2023-2024,25.0
2024-2025,2024,200086,Nueta Hidatsa Sahnish College,02553700,ND,New Town,1,1,A,1,1,-2,-2,-2,-2,no_group_evidence_in_reviewed_sources,[],[],[],[],[],"[""02553700"", ""02553701"", ""02553702"", ""02553703""]","[""02553700""]","[""1""]",False,True,True,no_direct_candidate; affiliation_and_root_are_review_only; no_assignment_or_amount_allocation,other_active_participating_institution_no_observed_direct_or_group_link,1999-2000,2021-2022,22.0
2024-2025,2024,204158,Miami Valley Career Technology Center,02263700,OH,Englewood,7,1,A,1,3,5,-2,-2,-2,no_group_evidence_in_reviewed_sources,[],[],[],[],[],"[""02263700""]","[""02263700""]","[""1""]",False,True,True,no_direct_candidate; affiliation_and_root_are_review_only; no_assignment_or_amount_allocation,other_active_participating_institution_no_observed_direct_or_group_link,1999-2000,2023-2024,25.0
2024-2025,2024,204459,Toledo Public Schools Adult and Continuing Education,00813200,OH,Toledo,4,1,A,1,1,5,-2,-2,-2,no_group_evidence_in_reviewed_sources,[],[],[],[],[],"[""00813200"", ""00813201"", ""00813202"", ""00813203"", ""00813204"", ""00813205"", ""00813206"", ""00813207"", ""00813208""]","[""00813200""]","[""1""]",False,True,True,no_direct_candidate; affiliation_and_root_are_review_only; no_assignment_or_amount_allocation,other_active_participating_institution_no_observed_direct_or_group_link,1999-2000,2023-2024,25.0
2024-2025,2024,206516,Winebrenner Theological Seminary,00406000,OH,Findlay,2,1,A,1,1,-2,-2,-2,-2,no_group_evidence_in_reviewed_sources,[],[],[],[],[],"[""00406000""]","[""00406000""]","[""1""]",False,True,True,no_direct_candidate; affiliation_and_root_are_review_only; no_assignment_or_amount_allocation,other_active_participating_institution_no_observed_direct_or_group_link,1999-2000,2022-2023,24.0
2024-2025,2024,208479,Concorde Career College-Portland,00888700,OR,Portland,6,1,A,1,1,-2,-2,-2,-2,no_group_evidence_in_reviewed_sources,[],[],[],[],[],"[""00888700"", ""00888701""]","[""00888700""]","[""1""]",False,True,True,no_direct_candidate; affiliation_and_root_are_review_only; no_assignment_or_amount_allocation,other_active_participating_institution_no_observed_direct_or_group_link,1999-2000,2023-2024,25.0
2024-2025,2024,211130,Missio Theological Seminary,02323000,PA,Philadelphia,2,1,A,1,1,-2,-2,-2,-2,no_group_evidence_in_reviewed_sources,[],[],[],[],[],"[""02323000"", ""02323001""]","[""02323000""]","[""1""]",False,True,True,no_direct_candidate; affiliation_and_root_are_review_only; no_assignment_or_amount_allocation,other_active_participating_institution_no_observed_direct_or_group_link,2009-2010,2023-2024,15.0
2024-2025,2024,213446,Lancaster Theological Seminary,00328600,PA,Lancaster,2,1,A,1,1,3,214157,-2,-2,no_group_evidence_in_reviewed_sources,[],[],[],[],[],"[""00328600""]","[""00328600""]","[""1""]",False,True,True,no_direct_candidate; affiliation_and_root_are_review_only; no_assignment_or_amount_allocation,other_active_participating_institution_no_observed_direct_or_group_link,1999-2000,2022-2023,24.0
2024-2025,2024,214661,Pennsylvania State System of Higher Education-Central Office,00331400,PA,Harrisburg,0,2,A,1,1,-2,-2,-2,-2,no_group_evidence_in_reviewed_sources,[],[],[],[],[],"[""00331400""]","[""00331400""]","[""1""]",False,True,True,no_direct_candidate; affiliation_and_root_are_review_only; no_assignment_or_amount_allocation,administrative_office,,,
2024-2025,2024,222497,Alamo Community College District Central Office,00360700,TX,San Antonio,0,2,A,1,1,-2,-2,-2,-2,no_group_evidence_in_reviewed_sources,[],[],[],[],[],"[""00360700"", ""00360701""]","[""00360700""]","[""1""]",False,True,True,no_direct_candidate; affiliation_and_root_are_review_only; no_assignment_or_amount_allocation,administrative_office,1999-2000,2001-2002,3.0
2024-2025,2024,228185,South Texas Barber College Inc,03922300,TX,Corpus Christi,9,1,A,1,1,-2,-2,-2,-2,no_group_evidence_in_reviewed_sources,[],[],[],[],[],"[""03922300""]","[""03922300""]","[""1""]",False,True,True,no_direct_candidate; affiliation_and_root_are_review_only; no_assignment_or_amount_allocation,other_active_participating_institution_no_observed_direct_or_group_link,2004-2005,2023-2024,20.0
2024-2025,2024,229090,The University of Texas System Office,00365500,TX,Austin,0,2,A,1,1,-2,-2,-2,-2,no_group_evidence_in_reviewed_sources,[],[],[],[],[],"[""00365500""]","[""00365500""]","[""1""]",False,True,True,no_direct_candidate; affiliation_and_root_are_review_only; no_assignment_or_amount_allocation,administrative_office,,,
2024-2025,2024,229407,University of Houston-System Administration,01172100,TX,Houston,0,2,A,1,1,-2,-2,-2,-2,no_group_evidence_in_reviewed_sources,[],[],[],[],[],"[""01172100""]","[""01172100""]","[""1""]",False,True,True,no_direct_candidate; affiliation_and_root_are_review_only; no_assignment_or_amount_allocation,administrative_office,,,
2024-2025,2024,231156,Vermont State Colleges-Office of the Chancellor,02916200,VT,Montpelier,0,2,A,1,1,1,231156,-2,-2,no_group_evidence_in_reviewed_sources,[],[],[],[],[],"[""02916200""]","[""02916200""]","[""1""]",False,True,True,no_direct_candidate; affiliation_and_root_are_review_only; no_assignment_or_amount_allocation,administrative_office,,,
2024-2025,2024,240435,University of Wisconsin-System Administration,00389400,WI,Madison,0,2,A,1,1,-2,-2,-2,-2,no_group_evidence_in_reviewed_sources,[],[],[],[],[],"[""00389400""]","[""00389400""]","[""1""]",False,True,True,no_direct_candidate; affiliation_and_root_are_review_only; no_assignment_or_amount_allocation,administrative_office,2005-2006,2005-2006,1.0
2024-2025,2024,241304,Columbia Central University-Caguas,00890200,PR,Caguas,3,1,A,1,1,-2,-2,-2,-2,no_group_evidence_in_reviewed_sources,[],[],[],[],[],"[""00890200"", ""00890201"", ""00890203"", ""00890206"", ""00890208"", ""00890209"", ""00890210""]","[""00890200""]","[""1""]",False,True,True,no_direct_candidate; affiliation_and_root_are_review_only; no_assignment_or_amount_allocation,other_active_participating_institution_no_observed_direct_or_group_link,1999-2000,2023-2024,25.0
2024-2025,2024,242060,Sistema Universitario Ana G. Mendez,02601700,PR,Rio Piedras,0,2,A,1,1,-2,-2,-2,-2,no_group_evidence_in_reviewed_sources,[],[],[],[],[],"[""02601700""]","[""02601700""]","[""1""]",False,True,True,no_direct_candidate; affiliation_and_root_are_review_only; no_assignment_or_amount_allocation,administrative_office,,,
2024-2025,2024,243160,University of Puerto Rico-Central Administration,00394200,PR,San Juan,0,1,A,1,1,-2,-2,-2,-2,no_group_evidence_in_reviewed_sources,[],[],[],[],[],"[""00394200"", ""00394201"", ""00394202"", ""00394203"", ""00394204"", ""00394205"", ""00394206"", ""00394207"", ""00394208"", ""00394209"", ""00394210"", ""00394211""]","[""00394200""]","[""1""]",False,True,True,no_direct_candidate; affiliation_and_root_are_review_only; no_assignment_or_amount_allocation,administrative_office,1999-2000,2011-2012,13.0
2024-2025,2024,247083,University of Louisiana-System Administration,03344400,LA,Baton Rouge,0,2,A,1,1,-2,-2,-2,-2,no_group_evidence_in_reviewed_sources,[],[],[],[],[],"[""03344400""]","[""03344400""]","[""1""]",False,True,True,no_direct_candidate; affiliation_and_root_are_review_only; no_assignment_or_amount_allocation,administrative_office,,,
2024-2025,2024,400558,Los Angeles Pacific College,03124500,CA,Los Angeles,6,1,A,1,1,-2,-2,-2,-2,no_group_evidence_in_reviewed_sources,[],[],[],[],[],"[""03124500""]","[""03124500""]","[""1""]",False,True,True,no_direct_candidate; affiliation_and_root_are_review_only; no_assignment_or_amount_allocation,other_active_participating_institution_no_observed_direct_or_group_link,,,
2024-2025,2024,404480,University System of Maryland-Research Centers,00795900,MD,Baltimore,0,2,A,1,1,-2,-2,-2,-2,no_group_evidence_in_reviewed_sources,[],[],[],[],[],"[""00795900""]","[""00795900""]","[""1""]",False,True,True,no_direct_candidate; affiliation_and_root_are_review_only; no_assignment_or_amount_allocation,administrative_office,,,
2024-2025,2024,409379,Tennessee Board of Regents,02903100,TN,Nashville,0,2,A,1,1,-2,-2,-2,-2,no_group_evidence_in_reviewed_sources,[],[],[],[],[],"[""02903100""]","[""02903100""]","[""1""]",False,True,True,no_direct_candidate; affiliation_and_root_are_review_only; no_assignment_or_amount_allocation,administrative_office,,,
2024-2025,2024,420802,Arizona Board of Regents,02598000,AZ,Phoenix,0,2,A,1,1,-2,-2,-2,-2,no_group_evidence_in_reviewed_sources,[],[],[],[],[],"[""02598000""]","[""02598000""]","[""1""]",False,True,True,no_direct_candidate; affiliation_and_root_are_review_only; no_assignment_or_amount_allocation,administrative_office,,,
2024-2025,2024,428453,Minnesota State Colleges and Universities System Office,00934600,MN,ST PAUL,0,2,A,1,1,-2,-2,-2,-2,no_group_evidence_in_reviewed_sources,[],[],[],[],[],"[""00934600""]","[""00934600""]","[""1""]",False,True,True,no_direct_candidate; affiliation_and_root_are_review_only; no_assignment_or_amount_allocation,administrative_office,,,
2024-2025,2024,432144,South Orange County Community College District,03343300,CA,Mission Viejo,0,2,A,1,1,1,432144,-2,-2,no_group_evidence_in_reviewed_sources,[],[],[],[],[],"[""03343300""]","[""03343300""]","[""1""]",False,True,True,no_direct_candidate; affiliation_and_root_are_review_only; no_assignment_or_amount_allocation,administrative_office,,,
2024-2025,2024,438665,Rancho Santiago Community College District Office,00699100,CA,Santa Ana,0,2,A,1,1,1,438665,-2,-2,no_group_evidence_in_reviewed_sources,[],[],[],[],[],"[""00699100""]","[""00699100""]","[""1""]",False,True,True,no_direct_candidate; affiliation_and_root_are_review_only; no_assignment_or_amount_allocation,administrative_office,,,
2024-2025,2024,443021,Dallas Barber & Stylist College,03682400,TX,Dallas,9,1,A,1,1,-2,-2,-2,-2,no_group_evidence_in_reviewed_sources,[],[],[],[],[],"[""03682400"", ""03682402"", ""03682406""]","[""03682400""]","[""1""]",False,True,True,no_direct_candidate; affiliation_and_root_are_review_only; no_assignment_or_amount_allocation,other_active_participating_institution_no_observed_direct_or_group_link,2002-2003,2023-2024,22.0
2024-2025,2024,444103,Byzantine Catholic Seminary of Saints Cyril and Methodius,04118000,PA,Pittsburgh,2,1,A,1,1,-2,-2,-2,-2,no_group_evidence_in_reviewed_sources,[],[],[],[],[],"[""04118000""]","[""04118000""]","[""1""]",False,True,True,no_direct_candidate; affiliation_and_root_are_review_only; no_assignment_or_amount_allocation,other_active_participating_institution_no_observed_direct_or_group_link,2010-2011,2020-2021,11.0
2024-2025,2024,444264,Cambridge Technical Institute,03785300,PR,Caguas,9,1,A,1,1,-2,-2,-2,-2,no_group_evidence_in_reviewed_sources,[],[],[],[],[],"[""03785300""]","[""03785300""]","[""1""]",False,True,True,no_direct_candidate; affiliation_and_root_are_review_only; no_assignment_or_amount_allocation,other_active_participating_institution_no_observed_direct_or_group_link,2003-2004,2023-2024,21.0
2024-2025,2024,446978,Colorado State University-System Office,03343700,CO,Denver,0,2,A,1,1,-2,-2,-2,-2,no_group_evidence_in_reviewed_sources,[],[],[],[],[],"[""03343700""]","[""03343700""]","[""1""]",False,True,True,no_direct_candidate; affiliation_and_root_are_review_only; no_assignment_or_amount_allocation,administrative_office,,,
2024-2025,2024,447795,American Institute of Massage Therapy,03962300,CA,Santa Ana,9,1,A,1,1,-2,-2,-2,-2,no_group_evidence_in_reviewed_sources,[],[],[],[],[],"[""03962300""]","[""03962300""]","[""1""]",False,True,True,no_direct_candidate; affiliation_and_root_are_review_only; no_assignment_or_amount_allocation,other_active_participating_institution_no_observed_direct_or_group_link,2005-2006,2023-2024,19.0
2024-2025,2024,448637,West Hills Community College District,00470000,CA,Coalinga,0,2,A,1,1,1,448637,-2,-2,no_group_evidence_in_reviewed_sources,[],[],[],[],[],"[""00470000""]","[""00470000""]","[""1""]",False,True,True,no_direct_candidate; affiliation_and_root_are_review_only; no_assignment_or_amount_allocation,administrative_office,,,
2024-2025,2024,457527,Ambria College of Nursing,04124700,IL,Hoffman Estates,3,1,A,1,1,-2,-2,-2,-2,no_group_evidence_in_reviewed_sources,[],[],[],[],[],"[""04124700""]","[""04124700""]","[""1""]",False,True,True,no_direct_candidate; affiliation_and_root_are_review_only; no_assignment_or_amount_allocation,other_active_participating_institution_no_observed_direct_or_group_link,2009-2010,2022-2023,14.0
2024-2025,2024,479992,Brand College,04194600,CA,Glendale,9,1,A,1,1,-2,-2,-2,-2,no_group_evidence_in_reviewed_sources,[],[],[],[],[],"[""04194600""]","[""04194600""]","[""1""]",False,True,True,no_direct_candidate; affiliation_and_root_are_review_only; no_assignment_or_amount_allocation,other_active_participating_institution_no_observed_direct_or_group_link,,,
2024-2025,2024,480161,Ideal Beauty Academy,04038700,KY,Louisville,9,1,A,1,1,-2,-2,-2,-2,no_group_evidence_in_reviewed_sources,[],[],[],[],[],"[""04038700"", ""04038701""]","[""04038700""]","[""2""]",False,True,True,no_direct_candidate; affiliation_and_root_are_review_only; no_assignment_or_amount_allocation,other_active_participating_institution_no_observed_direct_or_group_link,2006-2007,2023-2024,18.0
2024-2025,2024,483841,Grace International Beauty School,04223200,NY,Flushing,9,1,A,1,1,-2,-2,-2,-2,no_group_evidence_in_reviewed_sources,[],[],[],[],[],"[""04223200""]","[""04223200""]","[""1""]",False,True,True,no_direct_candidate; affiliation_and_root_are_review_only; no_assignment_or_amount_allocation,other_active_participating_institution_no_observed_direct_or_group_link,2013-2014,2023-2024,11.0
2024-2025,2024,485360,The Vocational Nursing Institute Inc,04239700,TX,Houston,8,1,A,1,1,-2,-2,-2,-2,no_group_evidence_in_reviewed_sources,[],[],[],[],[],"[""04239700""]","[""04239700""]","[""1""]",False,True,True,no_direct_candidate; affiliation_and_root_are_review_only; no_assignment_or_amount_allocation,other_active_participating_institution_no_observed_direct_or_group_link,2014-2015,2023-2024,10.0
2024-2025,2024,487889,Regional Center for Border Health,04237700,AZ,Somerton,8,1,A,1,1,-2,-2,-2,-2,no_group_evidence_in_reviewed_sources,[],[],[],[],[],"[""04237700""]","[""04237700""]","[""1""]",False,True,True,no_direct_candidate; affiliation_and_root_are_review_only; no_assignment_or_amount_allocation,other_active_participating_institution_no_observed_direct_or_group_link,2015-2016,2020-2021,6.0
2024-2025,2024,488563,California College of Music,04293000,CA,Pasadena,6,1,A,1,1,-2,-2,-2,-2,no_group_evidence_in_reviewed_sources,[],[],[],[],[],"[""04293000""]","[""04293000""]","[""1""]",False,True,True,no_direct_candidate; affiliation_and_root_are_review_only; no_assignment_or_amount_allocation,other_active_participating_institution_no_observed_direct_or_group_link,2021-2022,2023-2024,3.0
2024-2025,2024,492078,Chicago Professional Center,04253800,IL,Prospect Heights,9,1,A,1,1,-2,-2,-2,-2,no_group_evidence_in_reviewed_sources,[],[],[],[],[],"[""04253800""]","[""04253800""]","[""1""]",False,True,True,no_direct_candidate; affiliation_and_root_are_review_only; no_assignment_or_amount_allocation,other_active_participating_institution_no_observed_direct_or_group_link,2023-2024,2023-2024,1.0
2024-2025,2024,494551,IE New York College,04282800,NY,New York,2,1,A,1,1,-2,-2,-2,-2,no_group_evidence_in_reviewed_sources,[],[],[],[],[],"[""04282800""]","[""04282800""]","[""1""]",False,True,True,no_direct_candidate; affiliation_and_root_are_review_only; no_assignment_or_amount_allocation,other_active_participating_institution_no_observed_direct_or_group_link,2020-2021,2023-2024,4.0
2024-2025,2024,500379,High Alternative Education,04282600,PR,San Juan,9,1,N,1,1,-2,-2,-2,-2,no_group_evidence_in_reviewed_sources,[],[],[],[],[],"[""04282600""]","[""04282600""]","[""1""]",False,True,True,no_direct_candidate; affiliation_and_root_are_review_only; no_assignment_or_amount_allocation,new_institution_in_annual_directory,,,
