opeid8,unitid,school,ipeds_instnm,state,ipeds_stabbr,ipeds_resolution_status,descriptor_review_required,cw_source_code,first,last,years,similarity,official_normalization_similarity
02588900,131742,MEDTECH INSTITUTE,Sanz School,VA,DC,official_site_and_directory_agree,False,1.0,2008-2009,2008-2009,1,0.0,0.14285714285714285
01185800,171313,EVEREST COLLEGE,NATIONAL INSTITUTE OF TECHNOLOGY,IL,MI,official_site_and_directory_agree,False,1.0,2000-2001,2000-2001,1,0.0769230769230769,0.2978723404255319
01185800,171313,EVEREST COLLEGE,NATIONAL INSTITUTE OF TECHNOLOGY,IL,MI,unique_annual_directory_only,False,,1999-2000,1999-2000,1,0.0769230769230769,0.2978723404255319
00736200,186885,MEDTECH COLLEGE,STUART SCHOOL OF BUSINESS ADMINISTRATION,IN,NJ,official_site_and_directory_agree,False,1.0,2002-2003,2004-2005,3,0.1081081081081081,0.21818181818181817
00736200,186885,MEDTECH COLLEGE,Stuart School of Business Administration,IN,NJ,official_site_and_directory_agree,False,1.0,2005-2006,2005-2006,1,0.1081081081081081,0.21818181818181817
00461700,156736,NATIONAL COLLEGE OF BUSINESS AND TECHNOLOGY,FUGAZZI COLLEGE,TN,KY,unique_annual_directory_only,False,,1999-2000,1999-2000,1,0.1142857142857142,0.3448275862068966
00850100,237914,RASMUSSEN COLLEGE,WEBSTER COLLEGE,FL,WV,official_site_and_directory_agree,False,1.0,2000-2001,2000-2001,1,0.125,0.5625
00850100,237914,RASMUSSEN COLLEGE,WEBSTER COLLEGE,FL,WV,official_site_and_directory_agree,True,1.0,2001-2002,2001-2002,1,0.125,0.5625
00850100,237914,RASMUSSEN COLLEGE,WEBSTER COLLEGE,FL,WV,unique_annual_directory_only,False,,1999-2000,1999-2000,1,0.125,0.5625
00458600,260901,Purdue University Global,Kaplan University-Davenport Campus,IN,IA,official_site_and_directory_agree,False,2.0,2017-2018,2017-2018,1,0.1379310344827586,0.5172413793103449
00458600,260901,Purdue University Global,Kaplan University-Davenport Campus,IN,IA,official_site_and_directory_agree,True,2.0,2016-2017,2016-2017,1,0.1379310344827586,0.5172413793103449
03253300,373605,PAUL MITCHELL THE SCHOOL MEMPHIS,Jonesville Beauty School,TN,LA,official_site_and_directory_agree,False,1.0,2011-2012,2012-2013,2,0.1578947368421052,0.35714285714285715
02313900,178226,WESTWOOD COLLEGE - O'HARE AIRPORT,THE VANDERSCHMIDT SCHOOL,IL,MO,official_site_and_directory_agree,False,1.0,2000-2001,2000-2001,1,0.1666666666666666,0.24
02313900,178226,WESTWOOD COLLEGE - O'HARE AIRPORT,THE VANDERSCHMIDT SCHOOL,IL,MO,unique_annual_directory_only,False,,1999-2000,1999-2000,1,0.1666666666666666,0.24
00466600,167738,AMERICAN COLLEGE FOR MEDICAL CAREERS,Salter College-West Boylston,FL,MA,official_site_and_directory_agree,True,2.0,2017-2018,2017-2018,1,0.1818181818181818,0.46875
00466600,167738,American College For Medical Careers,Salter College-West Boylston,FL,MA,official_site_and_directory_agree,False,2.0,2018-2019,2018-2019,1,0.1818181818181818,0.46875
00188100,154022,UNIVERSITY OF ARIZONA GLOBAL CAMPUS (THE),Ashford University,AZ,CA,official_site_and_directory_agree,False,1.0,2024-2025,2024-2025,1,0.1904761904761904,0.37735849056603776
00188100,154022,University Of Arizona Global Campus (The),Ashford University,AZ,CA,official_site_and_directory_agree,True,1.0,2023-2024,2023-2024,1,0.1904761904761904,0.37735849056603776
02266200,376668,AMERICAN PROFESSIONAL INSTITUTE,SOUTHERN INSTITUTE OF COSMETOLOGY,GA,TN,official_site_alias_annual_unitid_verified,False,1.0,2001-2002,2001-2002,1,0.1951219512195122,0.40625
02266200,376668,AMERICAN PROFESSIONAL INSTITUTE,SOUTHERN INSTITUTE OF COSMETOLOGY,GA,TN,official_site_and_directory_agree,False,1.0,2002-2003,2002-2003,1,0.1951219512195122,0.40625
02593700,242413,RTP HISPANIC AMERICAN COLLEGE,Richport Technical College,LA,PR,official_site_and_directory_agree,False,1.0,2020-2021,2020-2021,1,0.2068965517241379,0.5818181818181818
03098700,108287,MILAN INSTITUTE,ACADEMY OF COURT REPORTING INC,ID,CA,official_site_and_directory_agree,True,1.0,2001-2002,2004-2005,4,0.2142857142857142,0.26666666666666666
02596400,227748,REDSTONE COLLEGE - LOS ANGELES,WESTWOOD COLLEGE OF AVIATION TECHNOLOGY-HOUSTON,CA,TX,official_site_and_directory_agree,True,1.0,2000-2001,2001-2002,2,0.2142857142857142,0.4533333333333333
03098700,108287,MILAN INSTITUTE,ACADEMY OF COURT REPORTING INC,ID,CA,official_site_and_directory_agree,False,1.0,2000-2001,2000-2001,1,0.2142857142857142,0.26666666666666666
03098700,108287,MILAN INSTITUTE,ACADEMY OF COURT REPORTING INC,ID,CA,unique_annual_directory_only,False,,1999-2000,1999-2000,1,0.2142857142857142,0.26666666666666666
02179901,408118,ARGOSY UNIVERSITY - TWIN CITIES,MINNESOTA SCHOOL OF PROFESSIONAL PSYCHOLOGY,IL,MN,official_site_and_directory_agree,False,1.0,2000-2001,2000-2001,1,0.2352941176470588,0.16666666666666666
02179901,408118,ARGOSY UNIVERSITY - TWIN CITIES,MINNESOTA SCHOOL OF PROFESSIONAL PSYCHOLOGY,IL,MN,unique_annual_directory_only,False,,1999-2000,1999-2000,1,0.2352941176470588,0.16666666666666666
04132600,451653,PAUL MITCHELL THE SCHOOL - LINCOLN,Wisconsin Academy,NE,WI,official_site_and_directory_agree,True,2.0,2016-2017,2016-2017,1,0.2631578947368421,0.2857142857142857
03012100,223463,REMINGTON COLLEGE - COLORADO SPRINGS CAMPUS,EDUCATION AMERICA-DENVER NORTH CAMPUS,CO,TX,official_site_and_directory_agree,True,1.0,2001-2002,2002-2003,2,0.2857142857142857,0.46153846153846156
03012100,223463,REMINGTON COLLEGE - COLORADO SPRINGS CAMPUS,EDUCATION AMERICA-DENVER NORTH CAMPUS,CO,TX,official_site_and_directory_agree,False,1.0,2000-2001,2000-2001,1,0.2857142857142857,0.46153846153846156
03012100,223463,REMINGTON COLLEGE - COLORADO SPRINGS CAMPUS,EDUCATION AMERICA-DENVER NORTH CAMPUS,CO,TX,unique_annual_directory_only,False,,1999-2000,1999-2000,1,0.2857142857142857,0.46153846153846156
02596400,227748,REDSTONE COLLEGE - LOS ANGELES,RICE AVIATION-HOUSTON,CA,TX,unique_annual_directory_only,True,,1999-2000,1999-2000,1,0.2926829268292683,0.24489795918367346
02615000,364335,SANFORD-BROWN INSTITUTE,ULTRASOUND DIAGNOSTIC SCHOOL,TX,NY,official_site_and_directory_agree,True,1.0,2000-2001,2003-2004,4,0.2941176470588235,0.3137254901960784
02616400,187161,SANFORD-BROWN INSTITUTE,ULTRASOUND DIAGNOSTIC SCHOOL,FL,NJ,official_site_and_directory_agree,False,1.0,2000-2001,2002-2003,3,0.2941176470588235,0.3137254901960784
02116000,196857,SANFORD-BROWN INSTITUTE,ULTRASOUND DIAGNOSTIC SCHOOL,GA,NY,official_site_and_directory_agree,True,1.0,2000-2001,2001-2002,2,0.2941176470588235,0.3137254901960784
02116000,196857,SANFORD-BROWN INSTITUTE,ULTRASOUND DIAGNOSTIC SCHOOL,GA,NY,unique_annual_directory_only,True,,1999-2000,1999-2000,1,0.2941176470588235,0.3137254901960784
02615000,364335,SANFORD-BROWN INSTITUTE,ULTRASOUND DIAGNOSTIC SCHOOL,TX,NY,unique_annual_directory_only,True,,1999-2000,1999-2000,1,0.2941176470588235,0.3137254901960784
02616400,187161,SANFORD-BROWN INSTITUTE,ULTRASOUND DIAGNOSTIC SCHOOL,FL,NJ,official_site_and_directory_agree,True,1.0,2003-2004,2003-2004,1,0.2941176470588235,0.3137254901960784
02616400,187161,SANFORD-BROWN INSTITUTE,ULTRASOUND DIAGNOSTIC SCHOOL,FL,NJ,unique_annual_directory_only,False,,1999-2000,1999-2000,1,0.2941176470588235,0.3137254901960784
01021700,215868,INTERNATIONAL ACADEMY OF DESIGN AND TECHNOLOGY,COMPUTER TECH,TN,PA,official_site_and_directory_agree,False,1.0,2000-2001,2000-2001,1,0.3076923076923077,0.2711864406779661
01021700,215868,INTERNATIONAL ACADEMY OF DESIGN AND TECHNOLOGY,COMPUTER TECH,TN,PA,unique_annual_directory_only,False,,1999-2000,1999-2000,1,0.3076923076923077,0.2711864406779661
00369110,119058,MIDDLEBURY COLLEGE - MONTEREY INSTITUTE,Monterey Institute of International Studies,VT,CA,official_site_and_directory_agree,False,1.0,2008-2009,2008-2009,1,0.3265306122448979,0.45
04132600,451653,DAVINES PROFESSIONAL ACADEMY OF BEAUTY AND BUSINESS,Wisconsin Academy,NE,WI,official_site_and_directory_agree,True,4.0,2017-2018,2017-2018,1,0.3278688524590163,0.29411764705882354
03104300,419208,CAREER TECHNICAL INSTITUTE,CAREER BLAZERS LEARNING CENTER,DC,CT,unique_annual_directory_only,False,,1999-2000,1999-2000,1,0.3333333333333333,0.32142857142857145
03881400,446251,EUROPEAN MASSAGE THERAPY SCHOOL (THE),Estelle Medical Academy,NV,IL,official_site_and_directory_agree,False,2.0,2017-2018,2024-2025,7,0.3404255319148936,0.2962962962962963
02491000,152044,WEST MICHIGAN COLLEGE OF BARBERING AND BEAUTY,NORTH CENTRAL BEAUTY ACADEMY,MI,IN,official_site_and_directory_agree,False,1.0,2000-2001,2000-2001,1,0.3448275862068966,0.3287671232876712
02491000,152044,WEST MICHIGAN COLLEGE OF BARBERING AND BEAUTY,NORTH CENTRAL BEAUTY ACADEMY,MI,IN,unique_annual_directory_only,False,,1999-2000,1999-2000,1,0.3448275862068966,0.3287671232876712
01048900,157021,NATIONAL COLLEGE,National College of Business and Technology-Lexington,IN,KY,official_site_and_directory_agree,True,1.0,2005-2006,2005-2006,1,0.3478260869565217,0.463768115942029
02306800,245962,MILLER-MOTTE COLLEGE,Platt College,TN,OK,official_site_and_directory_agree,True,2.0,2018-2019,2019-2020,2,0.3529411764705882,0.6666666666666666
02580100,364593,IVERSON INSTITUTE,Iverson Business School and Court Reporting,GA,TX,official_site_and_directory_agree,True,1.0,2010-2011,2011-2012,2,0.358974358974359,0.43333333333333335
02580100,364593,Iverson Institute,Iverson Business School and Court Reporting,GA,TX,official_site_and_directory_agree,False,3.0,2012-2013,2012-2013,1,0.358974358974359,0.43333333333333335
00777700,214245,REMINGTON COLLEGE - CLEVELAND CAMPUS,EDUCATION AMERICA-VALE TECHNICAL INSTITUTE,OH,PA,official_site_and_directory_agree,False,1.0,2000-2001,2000-2001,1,0.3902439024390244,0.3684210526315789
00777700,214245,REMINGTON COLLEGE - CLEVELAND CAMPUS,EDUCATION AMERICA-VALE TECHNICAL INSTITUTE,OH,PA,official_site_and_directory_agree,True,1.0,2001-2002,2001-2002,1,0.3902439024390244,0.3684210526315789
00777700,214245,REMINGTON COLLEGE - CLEVELAND CAMPUS,EDUCATION AMERICA-VALE TECHNICAL INSTITUTE,OH,PA,unique_annual_directory_only,False,,1999-2000,1999-2000,1,0.3902439024390244,0.3684210526315789
01009800,182430,NEUMONT UNIVERSITY,MORRISON UNIVERSITY,UT,NV,official_site_and_directory_agree,False,1.0,2000-2001,2004-2005,5,0.4,0.7567567567567568
01048900,157021,NATIONAL COLLEGE,NATIONAL COLLEGE OF BUSINESS AND TECH-LEXINGTON,IN,KY,official_site_and_directory_agree,True,1.0,2002-2003,2004-2005,3,0.4,0.5079365079365079
01009800,182430,NEUMONT UNIVERSITY,MORRISON UNIVERSITY,UT,NV,unique_annual_directory_only,False,,1999-2000,1999-2000,1,0.4,0.7567567567567568
01009800,182430,NEUMONT UNIVERSITY,Morrison University,UT,NV,official_site_and_directory_agree,True,1.0,2005-2006,2005-2006,1,0.4,0.7567567567567568
02617500,236531,ALTIERUS CAREER COLLEGE,Everest College-Seattle,VA,WA,official_site_and_directory_agree,True,2.0,2015-2016,2015-2016,1,0.4,0.4782608695652174
03078000,418269,Ohio Media School,Ohio Center for Broadcasting-Cincinnati,FL,OH,official_site_and_directory_agree,True,1.0,2014-2015,2014-2015,1,0.4,0.32142857142857145
00736200,186885,Stuart School of Business (The) - MedTech College,The Stuart School,IN,NJ,official_site_and_directory_agree,False,1.0,2006-2007,2006-2007,1,0.4137931034482758,0.4482758620689655
04051300,428444,Art Institute of Las Vegas (The),The Art Institute of Phoenix,NV,AZ,official_site_and_directory_agree,True,2.0,2016-2017,2017-2018,2,0.4166666666666667,0.72
03078000,418269,MIAMI MEDIA SCHOOL,Ohio Media School-Cincinnati,FL,OH,official_site_and_directory_agree,True,2.0,2015-2016,2015-2016,1,0.4375,0.6086956521739131
03078000,418269,Miami Media School,Ohio Media School-Cincinnati,FL,OH,official_site_and_directory_agree,False,2.0,2016-2017,2016-2017,1,0.4375,0.6086956521739131
01072717,177162,DEVRY UNIVERSITY - KANSAS CITY,DEVRY UNIVERSITY,IL,MO,official_site_alias_annual_unitid_verified,False,3.0,2001-2002,2001-2002,1,0.4545454545454545,0.7272727272727273
01048900,157021,AMERICAN NATIONAL UNIVERSITY,National College-Lexington,IN,KY,official_site_and_directory_agree,True,1.0,2013-2014,2013-2014,1,0.4571428571428571,0.4074074074074074
03432300,432108,GENDARME INSTITUTE,GAMLA COLLEGE,CA,NY,official_site_and_directory_agree,False,1.0,2000-2001,2000-2001,1,0.4615384615384615,0.12903225806451613
01072718,184269,DEVRY UNIVERSITY- NEW JERSEY,DEVRY INSTITUTE,IL,NJ,official_site_alias_annual_unitid_verified,False,3.0,2000-2001,2000-2001,1,0.4761904761904761,0.5238095238095238
01072717,177162,DEVRY UNIVERSITY - KANSAS CITY,DEVRY INSTITUTE OF TECHNOLOGY,IL,MO,official_site_alias_annual_unitid_verified,False,3.0,2000-2001,2000-2001,1,0.4848484848484848,0.38596491228070173
02558700,417840,PRISM CAREER INSTITUTE,ACADEMY OF COMPUTER CAREERS,PA,NJ,official_site_and_directory_agree,False,1.0,2000-2001,2003-2004,4,0.5,0.40816326530612246
01072718,184269,DEVRY UNIVERSITY- NEW JERSEY,DEVRY COLLEGE OF TECHNOLOGY,IL,NJ,official_site_alias_annual_unitid_verified,False,3.0,2001-2002,2001-2002,1,0.5,0.2962962962962963
02558700,417840,PRISM CAREER INSTITUTE,ACADEMY OF COMPUTER CAREERS,PA,NJ,unique_annual_directory_only,False,,1999-2000,1999-2000,1,0.5,0.40816326530612246
03010611,122366,VIRGINIA COLLEGE - GOLF ACADEMY OF AMERICA - CARLSBAD,San Diego Golf Academy,AL,CA,official_site_and_directory_agree,False,1.0,2007-2008,2007-2008,1,0.5,0.4507042253521127
04240400,483595,ANA G. MÉNDEZ UNIVERSITY,Universidad Ana G. Mendez-Online Campus,FL,PR,official_site_and_directory_agree,True,1.0,2019-2020,2019-2020,1,0.5116279069767442,0.4918032786885246
04240400,483595,Ana G. Méndez University,Universidad Ana G. Mendez-Online Campus,FL,PR,official_site_and_directory_agree,False,1.0,2020-2021,2020-2021,1,0.5116279069767442,0.4918032786885246
00267813,239929,BRYANT & STRATTON BUSINESS INSTITUTE - MILWAUKEE DOWNTOWN,BRYANT AND STRATTON COLLEGE,NY,WI,official_site_alias_annual_unitid_verified,False,3.0,2000-2001,2001-2002,2,0.5172413793103449,0.5238095238095238
01303907,251312,SOUTH UNIVERSITY - COLUMBIA,South University,GA,SC,official_site_and_directory_agree,False,1.0,2008-2009,2009-2010,2,0.5263157894736842,0.7804878048780488
01072720,202541,DEVRY UNIVERSITY - COLUMBUS,DEVRY UNIVERSITY,IL,OH,official_site_alias_annual_unitid_verified,False,3.0,2001-2002,2001-2002,1,0.5263157894736842,0.7804878048780488
04132600,451653,Wisconsin Academy a Paul Mitchell Partner Group (The),Wisconsin Academy,NE,WI,official_site_and_directory_agree,True,2.0,2015-2016,2015-2016,1,0.53125,0.53125
01303907,251312,SOUTH UNIVERSITY - COLUMBIA,COLUMBIA JUNIOR COLLEGE,GA,SC,official_site_alias_annual_unitid_verified,False,3.0,2000-2001,2001-2002,2,0.5517241379310345,0.3333333333333333
01072702,104531,DEVRY UNIVERSITY - PHOENIX,DEVRY INSTITUTE OF TECHNOLOGY,IL,AZ,official_site_alias_annual_unitid_verified,False,3.0,2000-2001,2000-2001,1,0.5517241379310345,0.41509433962264153
01072714,139533,DEVRY UNIVERSITY - DECATUR,DEVRY INSTITUTE OF TECHNOLOGY,IL,GA,official_site_alias_annual_unitid_verified,False,3.0,2000-2001,2000-2001,1,0.5517241379310345,0.49056603773584906
01072702,104531,DEVRY UNIVERSITY - PHOENIX,DEVRY UNIVERSITY,IL,AZ,official_site_alias_annual_unitid_verified,False,3.0,2001-2002,2001-2002,1,0.5555555555555556,0.8
01072714,139533,DEVRY UNIVERSITY - DECATUR,DEVRY UNIVERSITY,IL,GA,official_site_alias_annual_unitid_verified,False,3.0,2001-2002,2001-2002,1,0.5555555555555556,0.8
03747300,443702,BEXLEY SEABURY SEMINARY FEDERATION,Bexley Hall Episcopal Seminary,IL,OH,official_site_and_directory_agree,False,1.0,2012-2013,2014-2015,3,0.5625,0.5625
01072724,224402,DEVRY UNIVERSITY - IRVING,DEVRY INSTITUTE OF TECHNOLOGY,IL,TX,official_site_alias_annual_unitid_verified,False,3.0,2000-2001,2000-2001,1,0.5714285714285714,0.4230769230769231
02576900,102845,Charter College,Charter College-Anchorage,WA,AK,official_site_and_directory_agree,False,1.0,2014-2015,2015-2016,2,0.5833333333333334,0.75
02576900,102845,Charter College,Charter College-Anchorage,WA,AK,official_site_and_directory_agree,True,1.0,2013-2014,2013-2014,1,0.5833333333333334,0.75
01072706,113607,DEVRY UNIVERSITY - POMONA,DEVRY UNIVERSITY,IL,CA,official_site_alias_annual_unitid_verified,False,3.0,2001-2002,2001-2002,1,0.5882352941176471,0.8205128205128205
01072724,224402,DEVRY UNIVERSITY - IRVING,DEVRY UNIVERSITY,IL,TX,official_site_alias_annual_unitid_verified,False,3.0,2001-2002,2001-2002,1,0.5882352941176471,0.8205128205128205
02572800,377342,Vista College,Vista College-Online,TX,UT,official_site_and_directory_agree,False,1.0,2014-2015,2014-2015,1,0.5882352941176471,0.7878787878787878
02572800,377342,Vista College,Vista College-Online,TX,UT,official_site_and_directory_agree,True,1.0,2013-2014,2013-2014,1,0.5882352941176471,0.7878787878787878
01072720,202541,DEVRY UNIVERSITY - COLUMBUS,DEVRY INSTITUTE OF TECHNOLOGY,IL,OH,official_site_alias_annual_unitid_verified,False,3.0,2000-2001,2000-2001,1,0.6,0.5185185185185185
02580100,364593,Iverson Institute,Iverson Business School,GA,TX,official_site_and_directory_agree,False,1.0,2013-2014,2013-2014,1,0.6086956521739131,0.55
04137000,454962,UNIVERSITY OF AESTHETICS & COSMETOLOGY (THE),University of Aesthetics-Downers Grove,IL,AR,official_site_and_directory_agree,False,1.0,2011-2012,2011-2012,1,0.6086956521739131,0.7435897435897436
00267813,239929,BRYANT & STRATTON COLLEGE - MILWAUKEE DOWNTOWN,BRYANT AND STRATTON COLLEGE,NY,WI,official_site_alias_annual_unitid_verified,False,3.0,2002-2003,2003-2004,2,0.6122448979591837,0.7397260273972602
01048900,157021,National College,National College-Lexington,IN,KY,official_site_and_directory_agree,False,1.0,2008-2009,2010-2011,3,0.6153846153846154,0.7619047619047619
01048900,157021,National College,National College-Lexington,IN,KY,official_site_alias_annual_unitid_verified,False,1.0,2011-2012,2012-2013,2,0.6153846153846154,0.7619047619047619
01048900,157021,National College,National College-Lexington,IN,KY,official_site_and_directory_agree,True,1.0,2007-2008,2007-2008,1,0.6153846153846154,0.7619047619047619
03012100,223463,REMINGTON COLLEGE - COLORADO SPRINGS CAMPUS,REMINGTON COLLEGE-DALLAS CAMPUS,CO,TX,official_site_and_directory_agree,True,1.0,2003-2004,2004-2005,2,0.6190476190476191,0.7777777777777778
03698300,443331,West Coast University,West Coast University-Los Angeles,TX,CA,official_site_and_directory_agree,True,2.0,2022-2023,2023-2024,2,0.625,0.7777777777777778
03098700,440846,MILAN INSTITUTE,Milan Institute-Boise,CA,ID,official_site_and_directory_agree,False,1.0,2012-2013,2012-2013,1,0.625,0.8333333333333334
03098700,440846,Milan Institute,Milan Institute-Boise,CA,ID,official_site_and_directory_agree,True,1.0,2011-2012,2011-2012,1,0.625,0.8333333333333334
02617500,236531,Everest College,Everest College-Seattle,VA,WA,official_site_and_directory_agree,True,2.0,2014-2015,2014-2015,1,0.6363636363636364,0.7894736842105263
04122300,442569,UNIVERSITY OF ARKANSAS - GRANTHAM,Grantham University,AR,KS,official_site_and_directory_agree,False,1.0,2020-2021,2021-2022,2,0.64,0.4
02119200,224183,COURT REPORTING INSTITUTE OF ST LOUIS,Court Reporting Institute-Wheeler Institute of Texas,MO,TX,official_site_and_directory_agree,True,1.0,2012-2013,2012-2013,1,0.6415094339622641,0.6741573033707865
00267808,201469,BRYANT & STRATTON BUSINESS INSTITUTE - PARMA,BRYANT AND STRATTON COLLEGE,NY,OH,official_site_alias_annual_unitid_verified,False,3.0,2000-2001,2001-2002,2,0.6666666666666666,0.6197183098591549
02205206,391582,SANFORD-BROWN COLLEGE - COLLINSVILLE,SANFORD-BROWN COLLEGE,MO,IL,official_site_alias_annual_unitid_verified,False,3.0,2000-2001,2000-2001,1,0.6666666666666666,0.7636363636363637
01179900,199689,PAUL MITCHELL THE SCHOOL CHARLESTON,Paul Mitchell the School-Fayetteville,SC,NC,official_site_and_directory_agree,False,2.0,2021-2022,2022-2023,2,0.68,0.7777777777777778
02615000,364335,Sanford-Brown College,Sanford-Brown Institute-Garden City,TX,NY,official_site_and_directory_agree,False,1.0,2010-2011,2010-2011,1,0.6842105263157895,0.5357142857142857
01072706,113607,DEVRY UNIVERSITY - POMONA,DEVRY INSTITUTE OF TECHNOLOGY-POMONA,IL,CA,official_site_alias_annual_unitid_verified,False,3.0,2000-2001,2000-2001,1,0.6857142857142857,0.6101694915254238
02616204,157599,BROWN MACKIE COLLEGE-FINDLAY - BROWN MACKIE COLLEGE - LOUISVILLE,Brown Mackie College-Louisville,OH,KY,official_site_and_directory_agree,False,1.0,2007-2008,2007-2008,1,0.6865671641791045,0.6813186813186813
02531800,380456,PAUL MITCHELL THE SCHOOL COSTA MESA,Paul Mitchell the School-Provo,CA,UT,official_site_and_directory_agree,False,2.0,2017-2018,2017-2018,1,0.6976744186046512,0.8
02531800,380456,Paul Mitchell The School Costa Mesa,Paul Mitchell the School-Provo,CA,UT,official_site_and_directory_agree,False,2.0,2016-2017,2016-2017,1,0.6976744186046512,0.8
00461700,156736,NATIONAL COLLEGE OF BUSINESS AND TECHNOLOGY,FUGAZZI COLLEGE OF BUSINESS AND TECHNOLOGY-LEXINGT,TN,KY,official_site_and_directory_agree,False,1.0,2000-2001,2000-2001,1,0.6984126984126984,0.7956989247311828
02079400,443678,EMPIRE BEAUTY SCHOOL,Empire Beauty School-Framingham,PA,MA,official_site_and_directory_agree,False,2.0,2017-2018,2017-2018,1,0.7027027027027027,0.7843137254901961
03010800,216418,FORTIS INSTITUTE,Fortis Institute-Erie,AL,PA,official_site_and_directory_agree,False,2.0,2017-2018,2017-2018,1,0.7058823529411765,0.8648648648648649
03010800,216418,Fortis Institute,Fortis Institute-Erie,AL,PA,official_site_and_directory_agree,True,2.0,2016-2017,2016-2017,1,0.7058823529411765,0.8648648648648649
00458609,181242,KAPLAN UNIVERSITY - LINCOLN,Hamilton College-Lincoln Campus,IA,NE,official_site_and_directory_agree,False,1.0,2007-2008,2007-2008,1,0.7333333333333333,0.4642857142857143
02119200,224183,COURT REPORTING INSTITUTE OF ST LOUIS,Court Reporting Institute of Dallas,MO,TX,official_site_and_directory_agree,True,1.0,2013-2014,2013-2014,1,0.7391304347826086,0.8333333333333334
02119200,224183,Court Reporting Institute of St Louis,Court Reporting Institute of Dallas,MO,TX,official_site_and_directory_agree,False,2.0,2014-2015,2014-2015,1,0.7391304347826086,0.8333333333333334
03490300,171465,PAUL MITCHELL THE SCHOOL CHICAGO,Paul Mitchell the School-Escanaba,IL,MI,official_site_and_directory_agree,False,2.0,2014-2015,2015-2016,2,0.7441860465116279,0.8307692307692308
03490300,171465,PAUL MITCHELL THE SCHOOL CHICAGO,Paul Mitchell the School-Escanaba,IL,MI,official_site_and_directory_agree,False,1.0,2013-2014,2013-2014,1,0.7441860465116279,0.8307692307692308
00177201,135610,TRINITY INTERNATIONAL UNIVERSITY - SOUTH FLORIDA CAMPUS,Trinity International University,IL,FL,official_site_and_directory_agree,False,1.0,2006-2007,2009-2010,4,0.75,0.7529411764705882
02116000,420495,Sanford-Brown College,Sanford-Brown College-Atlanta,TX,GA,official_site_and_directory_agree,False,2.0,2015-2016,2016-2017,2,0.7647058823529411,0.84
02116000,420495,Sanford-Brown College,Sanford-Brown College-Atlanta,TX,GA,official_site_and_directory_agree,True,2.0,2014-2015,2014-2015,1,0.7647058823529411,0.84
03862600,482228,VERITAS BAPTIST COLLEGE,Virginia Baptist College,IN,VA,official_site_and_directory_agree,False,1.0,2017-2018,2017-2018,1,0.7741935483870968,0.851063829787234
02615000,404514,Sanford-Brown College,Sanford-Brown College-Dallas,NY,TX,official_site_and_directory_agree,False,2.0,2015-2016,2016-2017,2,0.7878787878787878,0.8571428571428571
02615000,404514,Sanford-Brown College,Sanford-Brown College-Dallas,NY,TX,official_site_and_directory_agree,True,2.0,2014-2015,2014-2015,1,0.7878787878787878,0.8571428571428571
02616400,187161,Sanford-Brown Institute,Sanford-Brown Institute-Iselin,FL,NJ,official_site_and_directory_agree,False,1.0,2010-2011,2010-2011,1,0.7878787878787878,0.8679245283018868
02248200,385549,MILAN INSTITUTE OF COSMETOLOGY,Milan Institute of Cosmetology-Amarillo,NV,TX,official_site_and_directory_agree,False,2.0,2015-2016,2016-2017,2,0.7906976744186046,0.8695652173913043
02248200,385549,MILAN INSTITUTE OF COSMETOLOGY,Milan Institute of Cosmetology-Amarillo,NV,TX,official_site_and_directory_agree,False,4.0,2017-2018,2017-2018,1,0.7906976744186046,0.8695652173913043
00945101,204316,BROWN MACKIE COLLEGE - BROWN MACKIE COLLEGE - NORTH CANTON,Brown Mackie College-North Canton,AZ,OH,official_site_and_directory_agree,False,1.0,2007-2008,2007-2008,1,0.7936507936507936,0.7586206896551724
03747300,443702,BEXLEY HALL SEMINARY,Bexley Hall Episcopal Seminary,OH,NY,official_site_and_directory_agree,False,1.0,2005-2006,2007-2008,3,0.8,0.8
03747300,443702,BEXLEY HALL SEMINARY,BEXLEY HALL EPISCOPAL SEMINARY,OH,NY,official_site_and_directory_agree,False,1.0,2004-2005,2004-2005,1,0.8,0.8
01021700,215868,INTERNATIONAL ACADEMY OF DESIGN AND TECHNOLOGY,INTERNATIONAL ACADEMY OF DESIGN & TECH-PITTSBURGH,TN,PA,official_site_and_directory_agree,True,1.0,2001-2002,2001-2002,1,0.8192771084337349,0.845360824742268
00267808,201469,BRYANT & STRATTON COLLEGE - PARMA,BRYANT AND STRATTON COLLEGE,NY,OH,official_site_alias_annual_unitid_verified,False,3.0,2002-2003,2003-2004,2,0.8333333333333334,0.9
00267813,239929,BRYANT & STRATTON COLLEGE - MILWAUKEE DOWNTOWN,BRYANT AND STRATTON COLLEGE-MILWAUKEE,NY,WI,official_site_and_directory_agree,False,1.0,2004-2005,2004-2005,1,0.847457627118644,0.891566265060241
02113600,438586,American InterContinental University,American Intercontinental University-Dunwoody Campus,IL,GA,official_site_and_directory_agree,False,4.0,2008-2009,2008-2009,1,0.847457627118644,0.8181818181818182
02502700,138594,Advanced Career Training,ADVANCED CAREER TRAINING-ATLANTA CAMPUS,FL,GA,official_site_and_directory_agree,True,1.0,2002-2003,2004-2005,3,0.8571428571428571,0.7619047619047619
02502700,138594,Advanced Career Training,Advanced Career Training-Atlanta Campus,FL,GA,official_site_and_directory_agree,False,1.0,2006-2007,2008-2009,3,0.8571428571428571,0.7619047619047619
02502700,138594,Advanced Career Training,Advanced Career Training-Atlanta Campus,FL,GA,official_site_and_directory_agree,True,1.0,2005-2006,2005-2006,1,0.8571428571428571,0.7619047619047619
01293200,227058,TINT SCHOOL OF MAKEUP & COSMETOLOGY,Tint School of Makeup and Cosmetology-Irving,WA,TX,official_site_and_directory_agree,False,2.0,2017-2018,2017-2018,1,0.8679245283018868,0.9135802469135802
00267811,231785,BRYANT & STRATTON BUSINESS INSTITUTE - VIRGINIA BEACH,BRYANT AND STRATTON COLLEGE-VIRGINIA BEACH,NY,VA,official_site_alias_annual_unitid_verified,False,3.0,2000-2001,2001-2002,2,0.8695652173913043,0.7789473684210526
03010400,158617,CRESCENT CITY SCHOOL OF GAMING & BARTENDING,CRESCENT CITY BARTENDING SCHOOL,NV,LA,official_site_and_directory_agree,True,1.0,2000-2001,2001-2002,2,0.8727272727272727,0.631578947368421
03010400,158617,CRESCENT CITY SCHOOL OF GAMING & BARTENDING,Crescent City Bartending School,LA,NV,official_site_and_directory_agree,False,1.0,2006-2007,2007-2008,2,0.8727272727272727,0.631578947368421
03010400,158617,CRESCENT CITY SCHOOL OF GAMING & BARTENDING,CRESCENT CITY BARTENDING SCHOOL,NV,LA,unique_annual_directory_only,True,,1999-2000,1999-2000,1,0.8727272727272727,0.631578947368421
02155300,143978,Chicago School of Professional Psychology,The Chicago School of Professional Psychology at Chicago,CA,IL,official_site_and_directory_agree,False,1.0,2011-2012,2011-2012,1,0.8857142857142857,0.8817204301075269
03063000,112710,COMPUTER LEARNING CENTER,COMPUTER LEARNING CENTERS INC,PA,CA,unique_annual_directory_only,False,,1999-2000,1999-2000,1,0.979591836734694,0.9056603773584906
04039300,433466,SULLIVAN AND COGLIANO TRAINING CENTERS,Sullivan and Cogliano Training Center,FL,MA,official_site_and_directory_agree,False,1.0,2012-2013,2013-2014,2,0.9850746268656716,0.9866666666666667
01209000,186274,Robert Fiance Beauty Schools,Robert Fiance Beauty Schools,NJ,FL,official_site_and_directory_agree,False,1.0,2019-2020,2023-2024,5,1.0,1.0
02616400,187161,Sanford-Brown Institute,Sanford-Brown Institute,FL,NJ,official_site_and_directory_agree,False,1.0,2005-2006,2009-2010,5,1.0,1.0
00723401,141468,HEALD COLLEGE - HONOLULU,Heald College-Honolulu,CA,HI,official_site_and_directory_agree,False,1.0,2006-2007,2009-2010,4,1.0,1.0
02339800,107886,SOUTHERN INSTITUTE OF COSMETOLOGY - MAIN CAMPUS,SOUTHERN INSTITUTE OF COSMETOLOGY,TN,AR,official_site_and_directory_agree,False,1.0,2000-2001,2003-2004,4,1.0,0.8461538461538461
00147902,104586,EMBRY-RIDDLE AERONAUTICAL UNIVERSITY - PRESCOTT CAMPUS,Embry Riddle Aeronautical University-Prescott,FL,AZ,official_site_and_directory_agree,False,1.0,2007-2008,2009-2010,3,1.0,0.9278350515463918
00716400,110219,Bryan University,Bryan University,AZ,CA,official_site_and_directory_agree,True,1.0,2014-2015,2016-2017,3,1.0,1.0
01021700,215868,International Academy of Design and Technology,INTERNATIONAL ACADEMY OF DESIGN AND TECHNOLOGY,TN,PA,official_site_and_directory_agree,True,1.0,2002-2003,2004-2005,3,1.0,1.0
01212801,245032,SOUTHWESTERN COLLEGE -,Southwestern College,OH,KY,official_site_and_directory_agree,False,1.0,2005-2006,2007-2008,3,1.0,1.0
02090700,177038,Cleveland Chiropractic College,CLEVELAND CHIROPRACTIC COLLEGE,KS,MO,official_site_and_directory_agree,True,1.0,2002-2003,2004-2005,3,1.0,1.0
02113600,138725,American InterContinental University (The),AMERICAN INTERCONTINENTAL UNIVERSITY,IL,GA,official_site_and_directory_agree,True,1.0,2002-2003,2004-2005,3,1.0,1.0
02275000,156949,JENNY LEA ACADEMY OF COSMETOLOGY,JENNY LEA ACADEMY OF COSMETOLOGY,TN,KY,official_site_and_directory_agree,False,1.0,2002-2003,2004-2005,3,1.0,1.0
02588900,131742,Sanz School,SANZ SCHOOL,VA,DC,official_site_and_directory_agree,True,1.0,2002-2003,2004-2005,3,1.0,1.0
03097800,419156,CARSTEN INSTITUTE OF COSMETOLOGY,Carsten Institute of Cosmetology,NY,AZ,official_site_and_directory_agree,False,2.0,2014-2015,2016-2017,3,1.0,1.0
03115200,414124,MotoRing Technical Training Institute,MOTORING TECHNICAL TRAINING INSTITUTE,MA,RI,official_site_and_directory_agree,True,1.0,2002-2003,2004-2005,3,1.0,1.0
03171300,367954,UNIVERSITY OF ST. AUGUSTINE FOR HEALTH SCIENCES,University of St Augustine for Health Sciences,CA,FL,official_site_and_directory_agree,False,1.0,2010-2011,2012-2013,3,1.0,1.0
04242900,487977,MARTINSBURG COLLEGE,Martinsburg College,WY,WV,official_site_and_directory_agree,False,1.0,2022-2023,2024-2025,3,1.0,1.0
00188100,154022,Ashford University,Ashford University,CA,IA,official_site_and_directory_agree,False,1.0,2012-2013,2013-2014,2,1.0,1.0
00267811,231785,BRYANT & STRATTON COLLEGE - VIRGINIA BEACH,BRYANT AND STRATTON COLLEGE-VIRGINIA BEACH,NY,VA,official_site_alias_annual_unitid_verified,False,3.0,2002-2003,2003-2004,2,1.0,1.0
02275000,156949,JENNY LEA ACADEMY OF COSMETOLOGY,Jenny Lea Academy of Cosmetology,TN,KY,official_site_and_directory_agree,False,1.0,2005-2006,2007-2008,2,1.0,1.0
02576900,102845,Charter College,Charter College,AK,WA,official_site_and_directory_agree,False,1.0,2021-2022,2022-2023,2,1.0,1.0
02588900,131742,SANZ SCHOOL,Sanz School,VA,DC,official_site_and_directory_agree,False,1.0,2006-2007,2007-2008,2,1.0,1.0
02615000,364335,SANFORD-BROWN COLLEGE,Sanford-Brown Institute,TX,NY,official_site_and_directory_agree,True,1.0,2005-2006,2008-2009,2,1.0,0.6818181818181818
03110800,420705,BAKKE GRADUATE UNIVERSITY,Bakke Graduate University,TX,WA,official_site_and_directory_agree,False,1.0,2013-2014,2014-2015,2,1.0,1.0
03115200,414124,MotoRing Technical Training Institute,Motoring Technical Training Institute,MA,RI,official_site_and_directory_agree,True,1.0,2005-2006,2007-2008,2,1.0,1.0
03468500,439455,Mdt College Of Health Sciences,MDT College of Health Sciences,IL,OH,official_site_and_directory_agree,True,1.0,2018-2019,2019-2020,2,1.0,1.0
03570500,217606,ZION BIBLE COLLEGE,ZION BIBLE INSTITUTE,MA,RI,official_site_and_directory_agree,True,1.0,2003-2004,2004-2005,2,1.0,0.631578947368421
03813300,444130,NORTHCENTRAL UNIVERSITY,Northcentral University,CA,AZ,official_site_and_directory_agree,False,1.0,2014-2015,2015-2016,2,1.0,1.0
04005300,447050,UNITED STATES UNIVERSITY,United States University,GA,CA,official_site_and_directory_agree,False,1.0,2023-2024,2024-2025,2,1.0,1.0
04038700,449597,IDEAL BEAUTY ACADEMY,Ideal Beauty Academy,KY,IN,official_site_and_directory_agree,False,2.0,2015-2016,2017-2018,2,1.0,1.0
04100400,454689,TAFT UNIVERSITY SYSTEM (THE),Taft University System,CO,CA,official_site_and_directory_agree,False,1.0,2012-2013,2013-2014,2,1.0,1.0
04122300,442569,GRANTHAM UNIVERSITY,Grantham University,KS,MO,official_site_and_directory_agree,False,1.0,2012-2013,2013-2014,2,1.0,1.0
04140500,457226,HORIZON UNIVERSITY,Horizon University,IN,CA,official_site_and_directory_agree,False,1.0,2015-2016,2016-2017,2,1.0,1.0
04235400,486424,SAINT MICHAEL COLLEGE OF ALLIED HEALTH,Saint Michael College of Allied Health,DC,VA,official_site_and_directory_agree,False,1.0,2018-2019,2019-2020,2,1.0,1.0
04244000,485546,California Intercontinental University,California Intercontinental University,SD,CA,official_site_and_directory_agree,True,1.0,2021-2022,2022-2023,2,1.0,1.0
00188100,154022,Ashford University,Ashford University,CA,IA,official_site_and_directory_agree,True,1.0,2011-2012,2011-2012,1,1.0,1.0
00267808,201469,BRYANT & STRATTON COLLEGE - PARMA,BRYANT AND STRATTON COLLEGE-PARMA,NY,OH,official_site_and_directory_agree,False,1.0,2004-2005,2004-2005,1,1.0,1.0
00267811,231785,BRYANT & STRATTON COLLEGE - VIRGINIA BEACH,BRYANT AND STRATTON COLLEGE-VIRGINIA BEACH,NY,VA,official_site_and_directory_agree,False,1.0,2004-2005,2004-2005,1,1.0,1.0
00352400,221856,Tennessee Temple University,Tennessee Temple University,TN,NC,official_site_and_directory_agree,False,1.0,2015-2016,2015-2016,1,1.0,1.0
00429700,125268,WATTERSON COLLEGE,WATTERSON COLLEGE,CA,NY,official_site_and_directory_agree,False,1.0,2001-2002,2001-2002,1,1.0,1.0
00458609,181242,KAPLAN UNIVERSITY - LINCOLN,Kaplan University-Lincoln Campus,IA,NE,official_site_and_directory_agree,False,1.0,2008-2009,2008-2009,1,1.0,0.8771929824561403
00752500,137713,SUWANNEE-HAMILTON TECHNICAL CENTER,Suwannee-Hamilton Technical Center,FL,VA,official_site_and_directory_agree,False,1.0,2012-2013,2012-2013,1,1.0,1.0
00869408,200013,RASMUSSEN COLLEGE - FARGO,Rasmussen College-Fargo,MN,ND,official_site_and_directory_agree,False,1.0,2009-2010,2009-2010,1,1.0,1.0
01021700,215868,International Academy of Design and Technology,International Academy of Design and Technology,TN,PA,official_site_and_directory_agree,True,1.0,2005-2006,2005-2006,1,1.0,1.0
01209000,186274,ROBERT FIANCE BEAUTY SCHOOLS,Robert Fiance Beauty Schools,NJ,FL,official_site_and_directory_agree,False,1.0,2024-2025,2024-2025,1,1.0,1.0
01260300,212337,EMPIRE BEAUTY SCHOOL,EMPIRE BEAUTY SCHOOL,PA,GA,official_site_and_directory_agree,False,1.0,2001-2002,2001-2002,1,1.0,1.0
02090700,177038,CLEVELAND CHIROPRACTIC COLLEGE,CLEVELAND CHIROPRACTIC COLLEGE,KS,MO,official_site_and_directory_agree,False,1.0,2000-2001,2000-2001,1,1.0,1.0
02090700,177038,CLEVELAND CHIROPRACTIC COLLEGE,CLEVELAND CHIROPRACTIC COLLEGE,KS,MO,official_site_and_directory_agree,True,1.0,2001-2002,2001-2002,1,1.0,1.0
02090700,177038,CLEVELAND CHIROPRACTIC COLLEGE,CLEVELAND CHIROPRACTIC COLLEGE,KS,MO,unique_annual_directory_only,False,,1999-2000,1999-2000,1,1.0,1.0
02090700,177038,Cleveland Chiropractic College,Cleveland Chiropractic College,KS,MO,official_site_and_directory_agree,False,1.0,2006-2007,2006-2007,1,1.0,1.0
02090700,177038,Cleveland Chiropractic College,Cleveland Chiropractic College,KS,MO,official_site_and_directory_agree,True,1.0,2005-2006,2005-2006,1,1.0,1.0
02113600,438586,American InterContinental University,American InterContinental University,IL,GA,official_site_and_directory_agree,True,3.0,2009-2010,2009-2010,1,1.0,1.0
02113600,445027,American InterContinental University,American InterContinental University,AZ,IL,official_site_and_directory_agree,True,2.0,2017-2018,2017-2018,1,1.0,1.0
02113600,445027,American Intercontinental University,American InterContinental University,AZ,IL,official_site_and_directory_agree,False,2.0,2018-2019,2018-2019,1,1.0,1.0
02287100,135142,La Belle Beauty School,LA BELLE BEAUTY SCHOOL,FL,GA,official_site_and_directory_agree,False,1.0,2002-2003,2002-2003,1,1.0,1.0
02296000,101958,PRINCE INSTITUTE - SOUTHEAST,Prince Institute-Southeast,IL,AL,official_site_and_directory_agree,False,2.0,2014-2015,2014-2015,1,1.0,1.0
02339800,107886,SOUTHERN INSTITUTE OF COSMETOLOGY - MAIN CAMPUS,SOUTHERN INSTITUTE OF COSMETOLOGY,TN,AR,unique_annual_directory_only,False,,1999-2000,1999-2000,1,1.0,0.8461538461538461
02558700,430403,PRISM CAREER INSTITUTE,PRISM CAREER INSTITUTE,PA,NJ,official_site_and_directory_agree,False,1.0,2004-2005,2004-2005,1,1.0,1.0
02558700,430403,Prism Career Institute,Prism Career Institute,PA,NJ,official_site_and_directory_agree,True,1.0,2005-2006,2005-2006,1,1.0,1.0
02576900,102845,Charter College,Charter College,AK,WA,official_site_and_directory_agree,True,1.0,2020-2021,2020-2021,1,1.0,1.0
02588900,131742,SANZ SCHOOL,SANZ SCHOOL,VA,DC,official_site_and_directory_agree,False,1.0,2000-2001,2000-2001,1,1.0,1.0
02588900,131742,SANZ SCHOOL,SANZ SCHOOL,VA,DC,official_site_and_directory_agree,True,1.0,2001-2002,2001-2002,1,1.0,1.0
02588900,131742,SANZ SCHOOL,SANZ SCHOOL,VA,DC,unique_annual_directory_only,False,,1999-2000,1999-2000,1,1.0,1.0
02588900,131742,Sanz School,Sanz School,VA,DC,official_site_and_directory_agree,True,1.0,2005-2006,2005-2006,1,1.0,1.0
02608500,251242,DELTA CAREER INSTITUTE,DELTA CAREER INSTITUTE,TX,CA,official_site_and_directory_agree,False,1.0,2001-2002,2001-2002,1,1.0,1.0
02615000,364335,SANFORD-BROWN COLLEGE,SANFORD-BROWN INSTITUTE,TX,NY,official_site_and_directory_agree,True,1.0,2004-2005,2004-2005,1,1.0,0.6818181818181818
02615000,364335,SANFORD-BROWN INSTITUTE,Sanford-Brown Institute,TX,NY,official_site_and_directory_agree,True,1.0,2007-2008,2007-2008,1,1.0,1.0
02615000,364335,Sanford-Brown College,Sanford-Brown Institute,TX,NY,official_site_and_directory_agree,False,1.0,2009-2010,2009-2010,1,1.0,0.6818181818181818
02615000,364335,Sanford-Brown Institute,Sanford-Brown Institute,TX,NY,official_site_and_directory_agree,False,1.0,2006-2007,2006-2007,1,1.0,1.0
02616400,187161,Sanford-Brown Institute,SANFORD-BROWN INSTITUTE,FL,NJ,official_site_and_directory_agree,False,1.0,2004-2005,2004-2005,1,1.0,1.0
03010608,389727,VIRGINIA COLLEGE - PENSACOLA,Virginia College-Pensacola,AL,FL,official_site_and_directory_agree,False,1.0,2007-2008,2007-2008,1,1.0,1.0
03089400,391616,SCHOOL OF HAIR DESIGN,School of Hair Design,OK,TX,official_site_and_directory_agree,False,1.0,2007-2008,2007-2008,1,1.0,1.0
03092600,417752,Messenger College,Messenger College,TX,MO,official_site_and_directory_agree,True,1.0,2011-2012,2011-2012,1,1.0,1.0
03115200,414124,MotoRing Technical Training Institute,Motoring Technical Training Institute,MA,RI,official_site_and_directory_agree,False,1.0,2008-2009,2008-2009,1,1.0,1.0
03468500,439455,Mdt College Of Health Sciences,MDT College of Health Sciences,IL,OH,official_site_and_directory_agree,False,1.0,2020-2021,2020-2021,1,1.0,1.0
03516300,439701,King's University (The),King's University,CA,TX,official_site_and_directory_agree,False,1.0,2014-2015,2014-2015,1,1.0,1.0
03570500,217606,ZION BIBLE COLLEGE,ZION BIBLE INSTITUTE,MA,RI,official_site_and_directory_agree,False,1.0,2002-2003,2002-2003,1,1.0,0.631578947368421
03570500,217606,ZION BIBLE COLLEGE,Zion Bible College,MA,RI,official_site_and_directory_agree,True,1.0,2005-2006,2005-2006,1,1.0,1.0
03570500,217606,Zion Bible College,Zion Bible College,MA,RI,official_site_and_directory_agree,True,1.0,2007-2008,2007-2008,1,1.0,1.0
03691400,442295,AVE MARIA SCHOOL OF LAW,AVE MARIA SCHOOL OF LAW,FL,MI,official_site_and_directory_agree,False,1.0,2002-2003,2002-2003,1,1.0,1.0
03691400,442295,Ave Maria School of Law,Ave Maria School of Law,FL,MI,official_site_and_directory_agree,False,1.0,2008-2009,2008-2009,1,1.0,1.0
03747300,443702,BEXLEY HALL SEMINARY,BEXLEY HALL SEMINARY,OH,NY,official_site_and_directory_agree,False,1.0,2003-2004,2003-2004,1,1.0,1.0
03752400,447953,School of Urban Missions,School of Urban Missions,CA,LA,official_site_and_directory_agree,False,1.0,2006-2007,2006-2007,1,1.0,1.0
03874400,446163,COMMUNITY CHRISTIAN COLLEGE,Community Christian College,AZ,CA,official_site_and_directory_agree,False,1.0,2023-2024,2023-2024,1,1.0,1.0
03874400,446163,Community Christian College,Community Christian College,AZ,CA,official_site_and_directory_agree,True,1.0,2022-2023,2022-2023,1,1.0,1.0
04038700,449597,Ideal Beauty Academy,Ideal Beauty Academy,KY,IN,official_site_and_directory_agree,False,2.0,2016-2017,2016-2017,1,1.0,1.0
04080300,454829,ASPEN UNIVERSITY,Aspen University,AZ,CO,official_site_and_directory_agree,False,1.0,2019-2020,2019-2020,1,1.0,1.0
04080300,454829,Aspen University,Aspen University,AZ,CO,official_site_and_directory_agree,True,1.0,2020-2021,2020-2021,1,1.0,1.0
04259600,480499,SHILOH UNIVERSITY,Shiloh University,IA,CA,official_site_and_directory_agree,False,1.0,2021-2022,2021-2022,1,1.0,1.0
