family,award_year,record_disposition,record_origin,source_record_count,campus__fseog_disbursements,campus__fws_disbursements,campus__perkins_disbursements_amt,grant__acg_disbursements,grant__iasg_disbursements,grant__pell_disbursements,grant__smart_disbursements,grant__teach_disbursements,loan_direct__grad_plus_disbursements,loan_direct__grad_plus_loans_originated_amt,loan_direct__parent_plus_disbursements,loan_direct__parent_plus_loans_originated_amt,loan_direct__plus_disbursements,loan_direct__plus_loans_originated_amt,loan_direct__subsidized_disbursements,loan_direct__subsidized_graduate_disbursements,loan_direct__subsidized_graduate_loans_originated_amt,loan_direct__subsidized_loans_originated_amt,loan_direct__subsidized_undergraduate_disbursements,loan_direct__subsidized_undergraduate_loans_originated_amt,loan_direct__unsubsidized_disbursements,loan_direct__unsubsidized_graduate_disbursements,loan_direct__unsubsidized_graduate_loans_originated_amt,loan_direct__unsubsidized_loans_originated_amt,loan_direct__unsubsidized_undergraduate_disbursements,loan_direct__unsubsidized_undergraduate_loans_originated_amt,loan_ffel__grad_plus_disbursements,loan_ffel__grad_plus_loans_originated_amt,loan_ffel__parent_plus_disbursements,loan_ffel__parent_plus_loans_originated_amt,loan_ffel__plus_disbursements,loan_ffel__plus_loans_originated_amt,loan_ffel__subsidized_disbursements,loan_ffel__subsidized_loans_originated_amt,loan_ffel__unsubsidized_disbursements,loan_ffel__unsubsidized_loans_originated_amt
campus_based,2001-2002,excluded_annual_identity_unresolved,opeid_master,137,80519960.0,77985895.0,87712257.0,,,,,,,,,,,,,,,,,,,,,,,,,,,,,,,,,
campus_based,2001-2002,included_unique_family_record,opeid_master,3901,794428675.0,839824012.0,1013233621.0,,,,,,,,,,,,,,,,,,,,,,,,,,,,,,,,,
campus_based,2001-2002,quarantined_identity_unresolved,raw_source_quarantine,2,0,0,0,,,,,,,,,,,,,,,,,,,,,,,,,,,,,,,,,
campus_based,2002-2003,excluded_annual_identity_unresolved,opeid_master,121,75866536.0,73157738.0,88009328.0,,,,,,,,,,,,,,,,,,,,,,,,,,,,,,,,,
campus_based,2002-2003,included_unique_family_record,opeid_master,3914,831652431.0,867224200.0,1057553997.0,,,,,,,,,,,,,,,,,,,,,,,,,,,,,,,,,
campus_based,2002-2003,quarantined_identity_unresolved,raw_source_quarantine,2,0,0,0,,,,,,,,,,,,,,,,,,,,,,,,,,,,,,,,,
campus_based,2003-2004,excluded_annual_identity_unresolved,opeid_master,147,95347896.0,76595517.0,91467342.0,,,,,,,,,,,,,,,,,,,,,,,,,,,,,,,,,
campus_based,2003-2004,included_unique_family_record,opeid_master,3920,913071102.0,954672554.0,1147692326.0,,,,,,,,,,,,,,,,,,,,,,,,,,,,,,,,,
campus_based,2003-2004,quarantined_identity_unresolved,raw_source_quarantine,4,0,0,0,,,,,,,,,,,,,,,,,,,,,,,,,,,,,,,,,
campus_based,2004-2005,ambiguous_family_multiple_records,opeid_master,2,7176000.0,10969487.0,9251104.0,,,,,,,,,,,,,,,,,,,,,,,,,,,,,,,,,
campus_based,2004-2005,excluded_annual_identity_unresolved,opeid_master,148,90914681.0,82245839.0,113281013.0,,,,,,,,,,,,,,,,,,,,,,,,,,,,,,,,,
campus_based,2004-2005,included_unique_family_record,opeid_master,3921,936450544.0,1002930230.0,1337530901.0,,,,,,,,,,,,,,,,,,,,,,,,,,,,,,,,,
campus_based,2004-2005,quarantined_identity_unresolved,raw_source_quarantine,6,0,0,0,,,,,,,,,,,,,,,,,,,,,,,,,,,,,,,,,
campus_based,2005-2006,ambiguous_family_multiple_records,opeid_master,2,7216761.0,11595290.0,11448481.0,,,,,,,,,,,,,,,,,,,,,,,,,,,,,,,,,
campus_based,2005-2006,excluded_annual_identity_unresolved,opeid_master,132,100999472.0,87454940.0,135257259.0,,,,,,,,,,,,,,,,,,,,,,,,,,,,,,,,,
campus_based,2005-2006,included_unique_family_record,opeid_master,3930,957360940.0,1008195881.0,1492063833.0,,,,,,,,,,,,,,,,,,,,,,,,,,,,,,,,,
campus_based,2005-2006,quarantined_identity_unresolved,raw_source_quarantine,7,0,0,0,,,,,,,,,,,,,,,,,,,,,,,,,,,,,,,,,
campus_based,2006-2007,ambiguous_family_multiple_records,opeid_master,2,7312115.0,9499443.0,13210395.0,,,,,,,,,,,,,,,,,,,,,,,,,,,,,,,,,
campus_based,2006-2007,excluded_annual_identity_unresolved,opeid_master,107,105621056.0,81788150.0,131771925.0,,,,,,,,,,,,,,,,,,,,,,,,,,,,,,,,,
campus_based,2006-2007,included_unique_family_record,opeid_master,3833,967754018.0,951133084.0,1473195637.0,,,,,,,,,,,,,,,,,,,,,,,,,,,,,,,,,
campus_based,2007-2008,ambiguous_family_multiple_records,opeid_master,2,5708095.0,9768780.0,11978132.0,,,,,,,,,,,,,,,,,,,,,,,,,,,,,,,,,
campus_based,2007-2008,excluded_annual_identity_unresolved,opeid_master,116,112921990.0,84981290.0,120533710.0,,,,,,,,,,,,,,,,,,,,,,,,,,,,,,,,,
campus_based,2007-2008,included_unique_family_record,opeid_master,3845,949420340.0,968338268.0,1250928238.0,,,,,,,,,,,,,,,,,,,,,,,,,,,,,,,,,
campus_based,2008-2009,ambiguous_family_multiple_records,opeid_master,2,5743674.0,9776592.0,10226099.0,,,,,,,,,,,,,,,,,,,,,,,,,,,,,,,,,
campus_based,2008-2009,excluded_annual_identity_unresolved,opeid_master,113,96861308.0,84867393.0,73365452.0,,,,,,,,,,,,,,,,,,,,,,,,,,,,,,,,,
campus_based,2008-2009,included_unique_family_record,opeid_master,3810,936675691.0,1018544521.0,877538007.0,,,,,,,,,,,,,,,,,,,,,,,,,,,,,,,,,
campus_based,2009-2010,excluded_annual_identity_unresolved,opeid_master,124,95672936.0,88527852.0,58256728.0,,,,,,,,,,,,,,,,,,,,,,,,,,,,,,,,,
campus_based,2009-2010,included_unique_family_record,opeid_master,3846,970754179.0,1157535404.0,757891589.0,,,,,,,,,,,,,,,,,,,,,,,,,,,,,,,,,
campus_based,2010-2011,excluded_annual_identity_unresolved,opeid_master,145,101709669.0,94207259.0,60197057.0,,,,,,,,,,,,,,,,,,,,,,,,,,,,,,,,,
campus_based,2010-2011,included_unique_family_record,opeid_master,3941,910816789.0,1104034513.0,796597502.0,,,,,,,,,,,,,,,,,,,,,,,,,,,,,,,,,
campus_based,2011-2012,excluded_annual_identity_unresolved,opeid_master,53,45955138.0,43763701.0,29221857.0,,,,,,,,,,,,,,,,,,,,,,,,,,,,,,,,,
campus_based,2011-2012,included_unique_family_record,opeid_master,4008,921462777.0,1132141037.0,919291084.0,,,,,,,,,,,,,,,,,,,,,,,,,,,,,,,,,
campus_based,2012-2013,excluded_annual_identity_unresolved,opeid_master,61,47346004.0,45229945.0,38346751.0,,,,,,,,,,,,,,,,,,,,,,,,,,,,,,,,,
campus_based,2012-2013,included_unique_family_record,opeid_master,3985,930335022.0,1115823877.0,972292938.0,,,,,,,,,,,,,,,,,,,,,,,,,,,,,,,,,
campus_based,2013-2014,excluded_annual_identity_unresolved,opeid_master,67,58035185.0,57186117.0,60948669.0,,,,,,,,,,,,,,,,,,,,,,,,,,,,,,,,,
campus_based,2013-2014,included_unique_family_record,opeid_master,3943,866765347.0,1064646273.0,1110404217.0,,,,,,,,,,,,,,,,,,,,,,,,,,,,,,,,,
campus_based,2014-2015,excluded_annual_identity_unresolved,opeid_master,82,67840539.0,46321276.0,51113157.0,,,,,,,,,,,,,,,,,,,,,,,,,,,,,,,,,
campus_based,2014-2015,included_unique_family_record,opeid_master,3931,914851189.0,1053948010.0,1109260955.0,,,,,,,,,,,,,,,,,,,,,,,,,,,,,,,,,
campus_based,2015-2016,excluded_annual_identity_unresolved,opeid_master,68,55604625.0,50975167.0,46796780.0,,,,,,,,,,,,,,,,,,,,,,,,,,,,,,,,,
campus_based,2015-2016,included_unique_family_record,opeid_master,3879,937270253.0,1045105274.0,998516349.0,,,,,,,,,,,,,,,,,,,,,,,,,,,,,,,,,
campus_based,2016-2017,excluded_annual_identity_unresolved,opeid_master,63,51693398.0,43337629.0,31242541.0,,,,,,,,,,,,,,,,,,,,,,,,,,,,,,,,,
campus_based,2016-2017,included_unique_family_record,opeid_master,3805,935351798.0,1042214971.0,855025879.0,,,,,,,,,,,,,,,,,,,,,,,,,,,,,,,,,
campus_based,2017-2018,excluded_annual_identity_unresolved,opeid_master,42,61608143.0,44012197.0,27694871.0,,,,,,,,,,,,,,,,,,,,,,,,,,,,,,,,,
campus_based,2017-2018,included_unique_family_record,opeid_master,3636,946037409.0,1055161697.0,602893144.0,,,,,,,,,,,,,,,,,,,,,,,,,,,,,,,,,
campus_based,2018-2019,excluded_annual_identity_unresolved,opeid_master,55,62077699.0,49079223.0,0.0,,,,,,,,,,,,,,,,,,,,,,,,,,,,,,,,,
campus_based,2018-2019,included_unique_family_record,opeid_master,3652,1072587909.0,1102394811.0,0.0,,,,,,,,,,,,,,,,,,,,,,,,,,,,,,,,,
campus_based,2019-2020,excluded_annual_identity_unresolved,opeid_master,41,63656191.0,48767230.0,,,,,,,,,,,,,,,,,,,,,,,,,,,,,,,,,,
campus_based,2019-2020,included_unique_family_record,opeid_master,3566,1130606881.0,1077758851.0,,,,,,,,,,,,,,,,,,,,,,,,,,,,,,,,,,
campus_based,2020-2021,excluded_annual_identity_unresolved,opeid_master,46,82843704.0,29849765.0,,,,,,,,,,,,,,,,,,,,,,,,,,,,,,,,,,
campus_based,2020-2021,included_unique_family_record,opeid_master,3543,1368291891.0,673448010.0,,,,,,,,,,,,,,,,,,,,,,,,,,,,,,,,,,
campus_based,2021-2022,excluded_annual_identity_unresolved,opeid_master,44,78670675.0,34197810.0,,,,,,,,,,,,,,,,,,,,,,,,,,,,,,,,,,
campus_based,2021-2022,included_unique_family_record,opeid_master,3536,1367611558.0,819487626.0,,,,,,,,,,,,,,,,,,,,,,,,,,,,,,,,,,
campus_based,2022-2023,excluded_annual_identity_unresolved,opeid_master,48,85994433.0,42506115.0,,,,,,,,,,,,,,,,,,,,,,,,,,,,,,,,,,
campus_based,2022-2023,included_unique_family_record,opeid_master,3503,1308402604.0,899600372.0,,,,,,,,,,,,,,,,,,,,,,,,,,,,,,,,,,
campus_based,2023-2024,excluded_annual_identity_unresolved,opeid_master,39,69343106.0,41081577.0,,,,,,,,,,,,,,,,,,,,,,,,,,,,,,,,,,
campus_based,2023-2024,included_unique_family_record,opeid_master,3181,1037023416.0,910768150.0,,,,,,,,,,,,,,,,,,,,,,,,,,,,,,,,,,
direct_loans,1999-2000,excluded_annual_identity_unresolved,opeid_master,46,,,,,,,,,,,,,8832678.0,9180515.0,120592599.0,,,127273224.0,,,53328797.0,,,56676171.0,,,,,,,,,,,,
direct_loans,1999-2000,included_unique_family_record,opeid_master,1195,,,,,,,,,,,,,1116961630.0,1168186685.0,5218938596.0,,,5527604001.0,,,3622479601.0,,,3851997922.0,,,,,,,,,,,,
direct_loans,2000-2001,excluded_annual_identity_unresolved,opeid_master,59,,,,,,,,,,,,,59486190.0,63248150.0,397624470.0,,,422229146.0,,,245838008.0,,,262335365.0,,,,,,,,,,,,
direct_loans,2000-2001,included_unique_family_record,opeid_master,1145,,,,,,,,,,,,,1121716121.0,1181501864.0,4653992159.0,,,4930259197.0,,,3419544483.0,,,3644579319.0,,,,,,,,,,,,
direct_loans,2001-2002,excluded_annual_identity_unresolved,opeid_master,46,,,,,,,,,,,,,68793310.0,71957455.0,437276516.0,,,461708324.0,,,280088877.0,,,296177254.0,,,,,,,,,,,,
direct_loans,2001-2002,included_unique_family_record,opeid_master,1108,,,,,,,,,,,,,1199733314.0,1241928892.0,4710123629.0,,,4900900347.0,,,3684954075.0,,,3861528471.0,,,,,,,,,,,,
direct_loans,2002-2003,excluded_annual_identity_unresolved,opeid_master,34,,,,,,,,,,,,,74579813.0,79019618.0,338288095.0,,,364251298.0,,,227370432.0,,,246979889.0,,,,,,,,,,,,
direct_loans,2002-2003,included_unique_family_record,opeid_master,1080,,,,,,,,,,,,,1470920450.0,1561086812.0,5205285473.0,,,5582343174.0,,,4138895763.0,,,4483915306.0,,,,,,,,,,,,
direct_loans,2003-2004,excluded_annual_identity_unresolved,opeid_master,44,,,,,,,,,,,,,105427488.0,111259436.0,351797495.0,,,378718045.0,,,245519916.0,,,267133253.0,,,,,,,,,,,,
direct_loans,2003-2004,included_unique_family_record,opeid_master,1042,,,,,,,,,,,,,1701639228.0,1802550663.0,5308816023.0,,,5683634674.0,,,4189413702.0,,,4532013393.0,,,,,,,,,,,,
direct_loans,2004-2005,ambiguous_family_multiple_records,opeid_master,2,,,,,,,,,,,,,482549.0,511615.0,7617417.0,,,8213924.0,,,5998820.0,,,6510783.0,,,,,,,,,,,,
direct_loans,2004-2005,excluded_annual_identity_unresolved,opeid_master,54,,,,,,,,,,,,,118707652.0,126043674.0,381050893.0,,,414043621.0,,,291149165.0,,,320753470.0,,,,,,,,,,,,
direct_loans,2004-2005,included_unique_family_record,opeid_master,1026,,,,,,,,,,,,,1882053371.0,1987397567.0,5250481061.0,,,5619161192.0,,,4220493180.0,,,4562275093.0,,,,,,,,,,,,
direct_loans,2005-2006,excluded_annual_identity_unresolved,opeid_master,50,,,,,,,,,6600.0,6600.0,,,140261852.0,149350956.0,354805505.0,,,384345593.0,,,288516324.0,,,316107602.0,,,,,,,,,,,,
direct_loans,2005-2006,included_unique_family_record,opeid_master,1027,,,,,,,,,6618268.0,7330264.0,,,2011460648.0,2140907746.0,5139118283.0,,,5510216917.0,,,4376878108.0,,,4734875934.0,,,,,,,,,,,,
direct_loans,2006-2007,excluded_annual_identity_unresolved,opeid_master,60,,,,,,,,,7093315.0,7399686.0,144380094.0,154246917.0,,,348189655.0,,,381943633.0,,,319116315.0,,,355428230.0,,,,,,,,,,,,
direct_loans,2006-2007,included_unique_family_record,opeid_master,1026,,,,,,,,,211816393.0,222943562.0,1881963946.0,1998034801.0,,,4905031148.0,,,5262269590.0,,,4172419540.0,,,4515282800.0,,,,,,,,,,,,
direct_loans,2007-2008,excluded_annual_identity_unresolved,opeid_master,96,,,,,,,,,11945785.0,12544031.0,143467920.0,152559003.0,,,403786637.0,,,441037153.0,,,368062257.0,,,406288384.0,,,,,,,,,,,,
direct_loans,2007-2008,included_unique_family_record,opeid_master,1285,,,,,,,,,365843899.0,383947478.0,1806627414.0,1913245688.0,,,5521748853.0,,,5922343407.0,,,4718907798.0,,,5103355201.0,,,,,,,,,,,,
direct_loans,2008-2009,excluded_annual_identity_unresolved,opeid_master,191,,,,,,,,,21017859.0,21800427.0,164125907.0,172589593.0,,,348679482.0,,,372709079.0,,,390259032.0,,,421006357.0,,,,,,,,,,,,
direct_loans,2008-2009,included_unique_family_record,opeid_master,2172,,,,,,,,,787668465.0,813886901.0,2560675745.0,2673201517.0,,,8098793955.0,,,8576597522.0,,,9153312889.0,,,9769533196.0,,,,,,,,,,,,
direct_loans,2009-2010,excluded_annual_identity_unresolved,opeid_master,296,,,,,,,,,137233404.0,138617562.0,335050355.0,342932360.0,,,1591183049.0,,,1634230766.0,,,2063157997.0,,,2133939026.0,,,,,,,,,,,,
direct_loans,2009-2010,included_unique_family_record,opeid_master,3964,,,,,,,,,1974484791.0,1993798569.0,4179497532.0,4244408327.0,,,14747087205.0,,,15120608354.0,,,17554243514.0,,,18115462541.0,,,,,,,,,,,,
direct_loans,2010-2011,excluded_annual_identity_unresolved,opeid_master,697,,,,,,,,,793790185.0,800123210.0,980724722.0,995031885.0,,,,1653559637.0,1687258939.0,,3759964026.0,3841403925.0,,2159263234.0,2211570338.0,,4481892484.0,4604386562.0,,,,,,,,,,
direct_loans,2010-2011,included_unique_family_record,opeid_master,4964,,,,,,,,,6165485686.0,6219178970.0,9610717634.0,9747916041.0,,,,10013187308.0,10111865931.0,,25184741167.0,25798946672.0,,14333286692.0,14525868824.0,,26206905248.0,27044077764.0,,,,,,,,,,
direct_loans,2011-2012,excluded_annual_identity_unresolved,opeid_master,535,,,,,,,,,670670760.0,676497762.0,468921116.0,476960483.0,,,,743183193.0,766612912.0,,1155394871.0,1172390470.0,,975143184.0,1007234773.0,,1414589077.0,1441997373.0,,,,,,,,,,
direct_loans,2011-2012,included_unique_family_record,opeid_master,5135,,,,,,,,,6808738078.0,6879512141.0,10607551292.0,10789054541.0,,,,10858192170.0,10969094326.0,,27817748595.0,28343841378.0,,15489734247.0,15702140769.0,,29077992855.0,29824272921.0,,,,,,,,,,
direct_loans,2012-2013,excluded_annual_identity_unresolved,opeid_master,509,,,,,,,,,755057699.0,763253316.0,582968533.0,593003993.0,,,1184763454.0,,,1200731415.0,,,,1660643899.0,1690675964.0,,1439967273.0,1469601806.0,,,,,,,,,,
direct_loans,2012-2013,included_unique_family_record,opeid_master,5141,,,,,,,,,6848737707.0,6935384044.0,9238202130.0,9428806045.0,,,26615938241.0,,,27151833380.0,,,,25314525955.0,25717516243.0,,28079049030.0,28842839014.0,,,,,,,,,,
direct_loans,2013-2014,excluded_annual_identity_unresolved,opeid_master,516,,,,,,,,,841662422.0,843510122.0,638868973.0,640173128.0,,,1493911668.0,,,1504241937.0,,,,1782514905.0,1787995394.0,,1836262554.0,1853578045.0,,,,,,,,,,
direct_loans,2013-2014,included_unique_family_record,opeid_master,5000,,,,,,,,,7266163579.0,7292851107.0,9644661892.0,9683140457.0,,,24948889781.0,,,25207538531.0,,,,25533676930.0,25675253931.0,,26172456975.0,26534599604.0,,,,,,,,,,
direct_loans,2014-2015,excluded_annual_identity_unresolved,opeid_master,487,,,,,,,,,916636309.0,919009871.0,658289934.0,659227702.0,,,1702932799.0,,,1705722384.0,,,,2037578693.0,2039860586.0,,2071486117.0,2075620268.0,,,,,,,,,,
direct_loans,2014-2015,included_unique_family_record,opeid_master,4986,,,,,,,,,7434312981.0,7461430053.0,10058107486.0,10091542138.0,,,22958791207.0,,,23125118038.0,,,,24548569353.0,24659539337.0,,24070912357.0,24286101385.0,,,,,,,,,,
direct_loans,2015-2016,excluded_annual_identity_unresolved,opeid_master,489,,,,,,,,,986396252.0,986468446.0,715406435.0,715559275.0,,,1156465295.0,,,1157039955.0,,,,1720195760.0,1720447174.0,,1322296063.0,1323460864.0,,,,,,,,,,
direct_loans,2015-2016,included_unique_family_record,opeid_master,4952,,,,,,,,,7856566796.0,7857210678.0,11246352934.0,11247652629.0,,,21798389010.0,,,21808844823.0,,,,24912462993.0,24918165093.0,,22768371896.0,22784469209.0,,,,,,,,,,
direct_loans,2016-2017,excluded_annual_identity_unresolved,opeid_master,469,,,,,,,,,980018362.0,980066692.0,694383533.0,694450414.0,,,894426104.0,,,895541829.0,,,,1634997519.0,1636266102.0,,992101846.0,993558679.0,,,,,,,,,,
direct_loans,2016-2017,included_unique_family_record,opeid_master,4870,,,,,,,,,8665317046.0,8667573171.0,11872865854.0,11875337815.0,,,20758948422.0,,,20773408180.0,,,,25390286556.0,25404810174.0,,21900121360.0,21918343073.0,,,,,,,,,,
direct_loans,2017-2018,excluded_annual_identity_unresolved,opeid_master,469,,,,,,,,,1033197534.0,1033197534.0,731211015.0,731266734.0,,,943109271.0,,,944270812.0,,,,1660003989.0,1661477087.0,,1032250958.0,1033649771.0,,,,,,,,,,
direct_loans,2017-2018,included_unique_family_record,opeid_master,4780,,,,,,,,,9261346505.0,9261768231.0,12016040213.0,12016297560.0,,,19964091344.0,,,19966040882.0,,,,25459730198.0,25462155501.0,,20618517156.0,20621459571.0,,,,,,,,,,
direct_loans,2018-2019,excluded_annual_identity_unresolved,opeid_master,461,,,,,,,,,1047926627.0,1048002619.0,711881189.0,711980596.0,,,940493507.0,,,941627731.0,,,,1606031984.0,1607603821.0,,1055711214.0,1057213822.0,,,,,,,,,,
direct_loans,2018-2019,included_unique_family_record,opeid_master,4689,,,,,,,,,9691104389.0,9693170261.0,12076764506.0,12077058938.0,,,18875404923.0,,,18879504173.0,,,,25624725520.0,25636093953.0,,19632279962.0,19638369399.0,,,,,,,,,,
direct_loans,2019-2020,excluded_annual_identity_unresolved,opeid_master,451,,,,,,,,,1166743558.0,1166753935.0,676078208.0,676110013.0,,,903004642.0,,,903781711.0,,,,1575214768.0,1576930777.0,,1040580879.0,1041801828.0,,,,,,,,,,
direct_loans,2019-2020,included_unique_family_record,opeid_master,4605,,,,,,,,,10049674694.0,10050781309.0,11676735531.0,11676977991.0,,,17938803818.0,,,17940894285.0,,,,25724365991.0,25727306869.0,,19278190417.0,19281558393.0,,,,,,,,,,
direct_loans,2020-2021,excluded_annual_identity_unresolved,opeid_master,442,,,,,,,,,1220623467.0,1220658341.0,633731446.0,633750416.0,,,866960150.0,,,868404111.0,,,,1557650641.0,1559547023.0,,1019285931.0,1021347758.0,,,,,,,,,,
direct_loans,2020-2021,included_unique_family_record,opeid_master,4564,,,,,,,,,10532498411.0,10533426880.0,9408883531.0,9409188003.0,,,15690397260.0,,,15698722561.0,,,,26021616478.0,26026686939.0,,17722913269.0,17732408090.0,,,,,,,,,,
direct_loans,2021-2022,excluded_annual_identity_unresolved,opeid_master,448,,,,,,,,,1272670887.0,1272765920.0,503803947.0,503839360.0,,,680952957.0,,,681912184.0,,,,1484737535.0,1486641557.0,,824176788.0,825558537.0,,,,,,,,,,
direct_loans,2021-2022,included_unique_family_record,opeid_master,4510,,,,,,,,,11256208378.0,11257475649.0,9936991867.0,9937535944.0,,,15025493641.0,,,15030806255.0,,,,25386916390.0,25392166004.0,,16605442496.0,16611957430.0,,,,,,,,,,
direct_loans,2022-2023,excluded_annual_identity_unresolved,opeid_master,432,,,,,,,,,1295791774.0,1298237087.0,713925769.0,713940269.0,,,800735501.0,,,801637044.0,,,,1520805910.0,1523322260.0,,966203774.0,967413772.0,,,,,,,,,,
direct_loans,2022-2023,included_unique_family_record,opeid_master,4459,,,,,,,,,11978496809.0,11979614092.0,10543932278.0,10545497334.0,,,14630160104.0,,,14636071854.0,,,,24538575840.0,24541834885.0,,16755775054.0,16763227334.0,,,,,,,,,,
direct_loans,2023-2024,excluded_annual_identity_unresolved,opeid_master,410,,,,,,,,,1365911116.0,1367215959.0,742289326.0,742298937.0,,,774079755.0,,,774632820.0,,,,1532692535.0,1534453444.0,,946678835.0,947582941.0,,,,,,,,,,
direct_loans,2023-2024,included_unique_family_record,opeid_master,4406,,,,,,,,,12754138847.0,12757071179.0,11350924386.0,11352523108.0,,,14881541459.0,,,14891833911.0,,,,24651023447.0,24662669639.0,,16684733944.0,16696160524.0,,,,,,,,,,
direct_loans,2024-2025,excluded_annual_identity_unresolved,opeid_master,391,,,,,,,,,1461820995.0,1494004773.0,831287417.0,832479346.0,,,792616833.0,,,798193228.0,,,,1619101994.0,1659067074.0,,1023865988.0,1032153431.0,,,,,,,,,,
direct_loans,2024-2025,included_unique_family_record,opeid_master,4330,,,,,,,,,13681646054.0,14186508201.0,11598505061.0,11654828357.0,,,14646440001.0,,,14958446838.0,,,,24955311763.0,25850688266.0,,17538695353.0,17951247695.0,,,,,,,,,,
ffel,1999-2000,excluded_annual_identity_unresolved,opeid_master,567,,,,,,,,,,,,,,,,,,,,,,,,,,,,,,,4948600.0,5182328.0,161278074.0,164452597.0,150029467.0,153183038.0
ffel,1999-2000,included_unique_family_record,opeid_master,3799,,,,,,,,,,,,,,,,,,,,,,,,,,,,,,,2159842388.0,2277889916.0,10648540461.0,11283074083.0,8317100593.0,8856732604.0
ffel,2000-2001,ambiguous_family_multiple_records,opeid_master,2,,,,,,,,,,,,,,,,,,,,,,,,,,,,,,,0.0,0.0,3168502.0,3190177.0,4295279.0,4363341.0
ffel,2000-2001,excluded_annual_identity_unresolved,opeid_master,596,,,,,,,,,,,,,,,,,,,,,,,,,,,,,,,150857634.0,158846849.0,1019760814.0,1085871059.0,922843548.0,990798794.0
ffel,2000-2001,included_unique_family_record,opeid_master,3799,,,,,,,,,,,,,,,,,,,,,,,,,,,,,,,2367615107.0,2495047441.0,10300093861.0,10924329168.0,8509079363.0,9072944521.0
ffel,2001-2002,ambiguous_family_multiple_records,opeid_master,2,,,,,,,,,,,,,,,,,,,,,,,,,,,,,,,0.0,0.0,3191525.0,3221190.0,4795201.0,4925489.0
ffel,2001-2002,excluded_annual_identity_unresolved,opeid_master,587,,,,,,,,,,,,,,,,,,,,,,,,,,,,,,,175960262.0,185425780.0,1205281183.0,1298137237.0,1182431119.0,1282257084.0
ffel,2001-2002,included_unique_family_record,opeid_master,3829,,,,,,,,,,,,,,,,,,,,,,,,,,,,,,,2685176885.0,2826882433.0,11119905759.0,11813586526.0,9629850176.0,10281000132.0
ffel,2002-2003,ambiguous_family_multiple_records,opeid_master,2,,,,,,,,,,,,,,,,,,,,,,,,,,,,,,,0.0,0.0,3241977.0,3254727.0,4958689.0,5046120.0
ffel,2002-2003,excluded_annual_identity_unresolved,opeid_master,571,,,,,,,,,,,,,,,,,,,,,,,,,,,,,,,215410229.0,225875058.0,1549025672.0,1681463944.0,1535273635.0,1677029832.0
ffel,2002-2003,included_unique_family_record,opeid_master,3875,,,,,,,,,,,,,,,,,,,,,,,,,,,,,,,3145774615.0,3306230429.0,12635548225.0,13460324973.0,11327819456.0,12133446774.0
ffel,2003-2004,ambiguous_family_multiple_records,opeid_master,2,,,,,,,,,,,,,,,,,,,,,,,,,,,,,,,0.0,0.0,3296267.0,3322617.0,6067679.0,6175330.0
ffel,2003-2004,excluded_annual_identity_unresolved,opeid_master,607,,,,,,,,,,,,,,,,,,,,,,,,,,,,,,,303879751.0,321183369.0,1872491728.0,2049001729.0,1927859702.0,2126930627.0
ffel,2003-2004,included_unique_family_record,opeid_master,3889,,,,,,,,,,,,,,,,,,,,,,,,,,,,,,,4139193515.0,4341622038.0,14549711763.0,15535629083.0,13284583195.0,14270670528.0
ffel,2004-2005,ambiguous_family_multiple_records,opeid_master,4,,,,,,,,,,,,,,,,,,,,,,,,,,,,,,,87318184.0,90735356.0,110470471.0,115048821.0,133328987.0,139871302.0
ffel,2004-2005,excluded_annual_identity_unresolved,opeid_master,603,,,,,,,,,,,,,,,,,,,,,,,,,,,,,,,343702647.0,364703368.0,2066153266.0,2267228333.0,2176282363.0,2402274073.0
ffel,2004-2005,included_unique_family_record,opeid_master,3908,,,,,,,,,,,,,,,,,,,,,,,,,,,,,,,4943331943.0,5205549431.0,16029677209.0,17189844961.0,15067430447.0,16265422645.0
ffel,2005-2006,ambiguous_family_multiple_records,opeid_master,4,,,,,,,,,,,,,,,,,,,,,,,,,,,8880.0,8880.0,,,101589799.0,106970052.0,110964507.0,115463436.0,136120316.0,142337856.0
ffel,2005-2006,excluded_annual_identity_unresolved,opeid_master,612,,,,,,,,,,,,,,,,,,,,,,,,,,,4448028.0,4531850.0,,,401454766.0,426391385.0,2454940121.0,2697964911.0,2659943733.0,2935768271.0
ffel,2005-2006,included_unique_family_record,opeid_master,3962,,,,,,,,,,,,,,,,,,,,,,,,,,,65001164.0,67779156.0,,,5550478057.0,5853538169.0,16399130411.0,17651437135.0,16162400188.0,17529691455.0
ffel,2006-2007,ambiguous_family_multiple_records,opeid_master,4,,,,,,,,,,,,,,,,,,,,,,,,,,,14577220.0,14986965.0,95217597.0,100008784.0,,,110851566.0,115682429.0,135511318.0,142591763.0
ffel,2006-2007,excluded_annual_identity_unresolved,opeid_master,594,,,,,,,,,,,,,,,,,,,,,,,,,,,277147730.0,294520807.0,460027366.0,491272582.0,,,2778189840.0,3088076803.0,2998038769.0,3343795327.0
ffel,2006-2007,included_unique_family_record,opeid_master,4019,,,,,,,,,,,,,,,,,,,,,,,,,,,1605689970.0,1677773566.0,5550717362.0,5863407773.0,,,17271742579.0,18609253410.0,17047477079.0,18524546324.0
ffel,2007-2008,ambiguous_family_multiple_records,opeid_master,4,,,,,,,,,,,,,,,,,,,,,,,,,,,55229059.0,57781983.0,87904217.0,92367661.0,,,118546334.0,123698151.0,156031327.0,164968038.0
ffel,2007-2008,excluded_annual_identity_unresolved,opeid_master,619,,,,,,,,,,,,,,,,,,,,,,,,,,,405601068.0,429851588.0,489755829.0,523242317.0,,,3399315386.0,3778004928.0,3817146014.0,4222232204.0
ffel,2007-2008,included_unique_family_record,opeid_master,4224,,,,,,,,,,,,,,,,,,,,,,,,,,,2341735103.0,2454563669.0,5204294047.0,5481873286.0,,,20020752485.0,21627684156.0,19455139908.0,21118197584.0
ffel,2008-2009,ambiguous_family_multiple_records,opeid_master,4,,,,,,,,,,,,,,,,,,,,,,,,,,,106985420.0,117402593.0,83994078.0,87993601.0,,,118532160.0,122893062.0,170890460.0,178829588.0
ffel,2008-2009,excluded_annual_identity_unresolved,opeid_master,579,,,,,,,,,,,,,,,,,,,,,,,,,,,471972470.0,487602606.0,449460224.0,471246814.0,,,3901285964.0,4242570353.0,5268952459.0,5755512261.0
ffel,2008-2009,included_unique_family_record,opeid_master,3960,,,,,,,,,,,,,,,,,,,,,,,,,,,2940909078.0,3036749165.0,4427101487.0,4601895131.0,,,20541785328.0,21686640153.0,25272906455.0,26813822113.0
ffel,2009-2010,excluded_annual_identity_unresolved,opeid_master,543,,,,,,,,,,,,,,,,,,,,,,,,,,,554433734.0,569669497.0,361758143.0,376072920.0,,,3174284908.0,3418133166.0,3969173189.0,4268818662.0
ffel,2009-2010,included_unique_family_record,opeid_master,3645,,,,,,,,,,,,,,,,,,,,,,,,,,,3095758647.0,3169678455.0,4060098096.0,4205651683.0,,,18788706567.0,19803685979.0,23238590397.0,24644221438.0
grants,1999-2000,excluded_annual_identity_unresolved,opeid_master,293,,,,,,700138751.89,,,,,,,,,,,,,,,,,,,,,,,,,,,,,,
grants,1999-2000,included_unique_family_record,opeid_master,4931,,,,,,6510014545.06,,,,,,,,,,,,,,,,,,,,,,,,,,,,,,
grants,1999-2000,quarantined_identity_unresolved,raw_source_quarantine,4,,,,,,1679214.56,,,,,,,,,,,,,,,,,,,,,,,,,,,,,,
grants,2000-2001,ambiguous_family_multiple_records,opeid_master,94,,,,,,104334727.10000001,,,,,,,,,,,,,,,,,,,,,,,,,,,,,,
grants,2000-2001,excluded_annual_identity_unresolved,opeid_master,206,,,,,,1044197213.7499999,,,,,,,,,,,,,,,,,,,,,,,,,,,,,,
grants,2000-2001,included_unique_family_record,opeid_master,4904,,,,,,6805446955.809999,,,,,,,,,,,,,,,,,,,,,,,,,,,,,,
grants,2000-2001,quarantined_identity_unresolved,raw_source_quarantine,4,,,,,,2025765.59,,,,,,,,,,,,,,,,,,,,,,,,,,,,,,
grants,2001-2002,ambiguous_family_multiple_records,opeid_master,33,,,,,,66827192.300000004,,,,,,,,,,,,,,,,,,,,,,,,,,,,,,
grants,2001-2002,excluded_annual_identity_unresolved,opeid_master,170,,,,,,1315036268.6399999,,,,,,,,,,,,,,,,,,,,,,,,,,,,,,
grants,2001-2002,included_unique_family_record,opeid_master,4982,,,,,,8593805317.240002,,,,,,,,,,,,,,,,,,,,,,,,,,,,,,
grants,2001-2002,quarantined_identity_unresolved,raw_source_quarantine,4,,,,,,2183571.51,,,,,,,,,,,,,,,,,,,,,,,,,,,,,,
grants,2002-2003,ambiguous_family_multiple_records,opeid_master,29,,,,,,67325842.14,,,,,,,,,,,,,,,,,,,,,,,,,,,,,,
grants,2002-2003,excluded_annual_identity_unresolved,opeid_master,164,,,,,,1450510390.67,,,,,,,,,,,,,,,,,,,,,,,,,,,,,,
grants,2002-2003,included_unique_family_record,opeid_master,4982,,,,,,10115821106.49,,,,,,,,,,,,,,,,,,,,,,,,,,,,,,
grants,2002-2003,quarantined_identity_unresolved,raw_source_quarantine,3,,,,,,1941745.17,,,,,,,,,,,,,,,,,,,,,,,,,,,,,,
grants,2003-2004,ambiguous_family_multiple_records,opeid_master,14,,,,,,37220082.45,,,,,,,,,,,,,,,,,,,,,,,,,,,,,,
grants,2003-2004,excluded_annual_identity_unresolved,opeid_master,218,,,,,,1626790274.27,,,,,,,,,,,,,,,,,,,,,,,,,,,,,,
grants,2003-2004,included_unique_family_record,opeid_master,4971,,,,,,11030878207.26,,,,,,,,,,,,,,,,,,,,,,,,,,,,,,
grants,2003-2004,quarantined_identity_unresolved,raw_source_quarantine,1,,,,,,1185469,,,,,,,,,,,,,,,,,,,,,,,,,,,,,,
grants,2004-2005,ambiguous_family_multiple_records,opeid_master,8,,,,,,23386380.76,,,,,,,,,,,,,,,,,,,,,,,,,,,,,,
grants,2004-2005,excluded_annual_identity_unresolved,opeid_master,227,,,,,,1650615339.87,,,,,,,,,,,,,,,,,,,,,,,,,,,,,,
grants,2004-2005,included_unique_family_record,opeid_master,4976,,,,,,11461584153.57,,,,,,,,,,,,,,,,,,,,,,,,,,,,,,
grants,2005-2006,excluded_annual_identity_unresolved,opeid_master,217,,,,,,1735030879.88,,,,,,,,,,,,,,,,,,,,,,,,,,,,,,
grants,2005-2006,included_unique_family_record,opeid_master,5032,,,,,,10937428113.34,,,,,,,,,,,,,,,,,,,,,,,,,,,,,,
grants,2006-2007,ambiguous_family_multiple_records,opeid_master,53,,,,1901246.0,,184634053.61,1186448.0,,,,,,,,,,,,,,,,,,,,,,,,,,,,,
grants,2006-2007,excluded_annual_identity_unresolved,opeid_master,200,,,,11075071.390000002,,1107778167.61,22626314.63,,,,,,,,,,,,,,,,,,,,,,,,,,,,,
grants,2006-2007,included_unique_family_record,opeid_master,5250,,,,229375223.84999996,,11499505762.810001,181971944.98,,,,,,,,,,,,,,,,,,,,,,,,,,,,,
grants,2007-2008,ambiguous_family_multiple_records,opeid_master,50,,,,3018277.33,,172701244.5,1384199.32,,,,,,,,,,,,,,,,,,,,,,,,,,,,,
grants,2007-2008,excluded_annual_identity_unresolved,opeid_master,229,,,,15872529.26,,1410394379.9899998,20747792.06,,,,,,,,,,,,,,,,,,,,,,,,,,,,,
grants,2007-2008,included_unique_family_record,opeid_master,5226,,,,289936411.0300001,,13091798658.47,182738173.39999998,,,,,,,,,,,,,,,,,,,,,,,,,,,,,
grants,2008-2009,ambiguous_family_multiple_records,opeid_master,62,,,,4521558.37,,278942870.37,1864788.44,75500.0,,,,,,,,,,,,,,,,,,,,,,,,,,,,
grants,2008-2009,excluded_annual_identity_unresolved,opeid_master,299,,,,20267292.330000006,,2042112021.6399999,23737717.03,1582144.5,,,,,,,,,,,,,,,,,,,,,,,,,,,,
grants,2008-2009,included_unique_family_record,opeid_master,5178,,,,314693876.46000004,,15959909811.16,174215267.00999996,35672341.309999995,,,,,,,,,,,,,,,,,,,,,,,,,,,,
grants,2009-2010,ambiguous_family_multiple_records,opeid_master,55,,,,5994296.279999999,,432198873.07,2405169.14,107500.0,,,,,,,,,,,,,,,,,,,,,,,,,,,,
grants,2009-2010,excluded_annual_identity_unresolved,opeid_master,353,,,,30229924.709999993,,3537387196.8900003,40290373.21,3727088.0,,,,,,,,,,,,,,,,,,,,,,,,,,,,
grants,2009-2010,included_unique_family_record,opeid_master,5192,,,,437223006.7199999,,25829203938.179996,312856151.15,92045091.39,,,,,,,,,,,,,,,,,,,,,,,,,,,,
grants,2009-2010,included_unique_family_record,verified_quarantine_unitid_only,16,,,,5834476.12,,151082578.97,3796378.75,,,,,,,,,,,,,,,,,,,,,,,,,,,,,
grants,2010-2011,excluded_annual_identity_unresolved,opeid_master,257,,,,39274651.47,11100.0,4230501197.37,52254436.54,4241090.41,,,,,,,,,,,,,,,,,,,,,,,,,,,,
grants,2010-2011,included_unique_family_record,opeid_master,5272,,,,513873296.57,157945.0,31339473583.29,380077305.71,117197730.8,,,,,,,,,,,,,,,,,,,,,,,,,,,,
grants,2011-2012,excluded_annual_identity_unresolved,opeid_master,118,,,,,13182.0,1128024516.21,,2416037.14,,,,,,,,,,,,,,,,,,,,,,,,,,,,
grants,2011-2012,included_unique_family_record,opeid_master,5369,,,,,163440.46,32370652277.369995,,117621469.15,,,,,,,,,,,,,,,,,,,,,,,,,,,,
grants,2012-2013,excluded_annual_identity_unresolved,opeid_master,97,,,,,11050.0,982959741.6700001,,2105768.0,,,,,,,,,,,,,,,,,,,,,,,,,,,,
grants,2012-2013,included_unique_family_record,opeid_master,5378,,,,,216344.0,31064013081.89,,107703331.49000001,,,,,,,,,,,,,,,,,,,,,,,,,,,,
grants,2013-2014,excluded_annual_identity_unresolved,opeid_master,136,,,,,10161.0,1391691268.58,,2026610.0999999999,,,,,,,,,,,,,,,,,,,,,,,,,,,,
grants,2013-2014,included_unique_family_record,opeid_master,5345,,,,,291769.36,30076196721.820004,,94486810.55,,,,,,,,,,,,,,,,,,,,,,,,,,,,
grants,2014-2015,excluded_annual_identity_unresolved,opeid_master,115,,,,,29245.48,1724948433.29,,1884397.85,,,,,,,,,,,,,,,,,,,,,,,,,,,,
grants,2014-2015,included_unique_family_record,opeid_master,5334,,,,,302117.30000000005,28897093192.609997,,92452735.55000001,,,,,,,,,,,,,,,,,,,,,,,,,,,,
grants,2015-2016,excluded_annual_identity_unresolved,opeid_master,107,,,,,21441.86,1040186785.95,,1850048.5,,,,,,,,,,,,,,,,,,,,,,,,,,,,
grants,2015-2016,included_unique_family_record,opeid_master,5290,,,,,350474.83,27511452974.63,,87560972.81,,,,,,,,,,,,,,,,,,,,,,,,,,,,
grants,2016-2017,excluded_annual_identity_unresolved,opeid_master,92,,,,,18291.43,744461004.44,,2046682.0,,,,,,,,,,,,,,,,,,,,,,,,,,,,
grants,2016-2017,included_unique_family_record,opeid_master,5218,,,,,354185.14,26141256476.469997,,84618057.32999998,,,,,,,,,,,,,,,,,,,,,,,,,,,,
grants,2017-2018,excluded_annual_identity_unresolved,opeid_master,94,,,,,28934.96,868571607.1599998,,2328624.5,,,,,,,,,,,,,,,,,,,,,,,,,,,,
grants,2017-2018,included_unique_family_record,opeid_master,5118,,,,,320007.4800000001,27801932536.21,,84124444.09,,,,,,,,,,,,,,,,,,,,,,,,,,,,
grants,2018-2019,excluded_annual_identity_unresolved,opeid_master,96,,,,,20640.629999999997,911941956.47,,2056181.51,,,,,,,,,,,,,,,,,,,,,,,,,,,,
grants,2018-2019,included_unique_family_record,opeid_master,5022,,,,,395392.2999999999,27493678277.7,,78730848.2,,,,,,,,,,,,,,,,,,,,,,,,,,,,
grants,2019-2020,excluded_annual_identity_unresolved,opeid_master,77,,,,,6536.95,890236167.0300001,,1892881.0,,,,,,,,,,,,,,,,,,,,,,,,,,,,
grants,2019-2020,included_unique_family_record,opeid_master,4952,,,,,473374.75999999995,27528038236.4,,78179901.45,,,,,,,,,,,,,,,,,,,,,,,,,,,,
grants,2020-2021,excluded_annual_identity_unresolved,opeid_master,60,,,,,25245.0,923623704.22,,1675585.73,,,,,,,,,,,,,,,,,,,,,,,,,,,,
grants,2020-2021,included_unique_family_record,opeid_master,4892,,,,,541036.9600000002,25530113456.339996,,73892441.88,,,,,,,,,,,,,,,,,,,,,,,,,,,,
grants,2021-2022,excluded_annual_identity_unresolved,opeid_master,57,,,,,33682.0,783909792.79,,1312681.5,,,,,,,,,,,,,,,,,,,,,,,,,,,,
grants,2021-2022,included_unique_family_record,opeid_master,4826,,,,,502369.2899999998,25070588998.589996,,68698017.75000001,,,,,,,,,,,,,,,,,,,,,,,,,,,,
grants,2022-2023,excluded_annual_identity_unresolved,opeid_master,65,,,,,48758.99,940111625.6,,1614684.0,,,,,,,,,,,,,,,,,,,,,,,,,,,,
grants,2022-2023,included_unique_family_record,opeid_master,4778,,,,,619900.0699999998,26270415392.69,,66805159.73,,,,,,,,,,,,,,,,,,,,,,,,,,,,
grants,2023-2024,excluded_annual_identity_unresolved,opeid_master,52,,,,,59271.49,1048211674.78,,1349365.0,,,,,,,,,,,,,,,,,,,,,,,,,,,,
grants,2023-2024,included_unique_family_record,opeid_master,4728,,,,,701431.3699999998,30415375693.65,,70995927.74,,,,,,,,,,,,,,,,,,,,,,,,,,,,
grants,2024-2025,excluded_annual_identity_unresolved,opeid_master,57,,,,,,1324788690.46,,1042317.5,,,,,,,,,,,,,,,,,,,,,,,,,,,,
grants,2024-2025,included_unique_family_record,opeid_master,4656,,,,,,37586359805.64,,70431488.74,,,,,,,,,,,,,,,,,,,,,,,,,,,,
