column,table,meaning,coding_research_use
opeid8,bridge,Canonical full FSA eight-digit Office of Postsecondary Education ID.,"String with leading zeros; together with award_year is the bridge primary key. Numeric-source leading zeros are restored before this stage. This identifies an FSA reporting unit, not necessarily one IPEDS campus."
award_year,bridge,Original FSA award-year key.,"Preserved from the source panel, normally YYYY-YYYY. The first year is the award-year start and the next year its end. Distinct textual representations of the same OPEID/start-year are rejected."
ipeds_anchor,bridge,Chosen award-year alignment convention for directory tagging.,start (default) chooses award-year start; end chooses start+1. Both anchors are still evaluated for sensitivity.
ipeds_year,bridge,Reference year of the IPEDS annual directory.,"In bridge, the chosen start/end anchor year; in candidates, the year of that candidate directory record. This is not automatically the reference year of every IPEDS outcome or financial measure."
unitid,bridge,Resolved annual IPEDS identity after reconciling directory and official site relationships.,"Nullable integer. May arise from a unique full-OPEID directory match or a complete unique official primary-plus-additional site relation verified in the same annual directory. Conflicts and nonadministrative multiplicity remain unresolved. Administrative/inactive identities may be retained; use ipeds_annual_identity_eligible, activity, program and component scope fields for analysis. Identity alone does not certify aid allocation."
ipeds_match_status,bridge,Original selected-year exact OPEID directory-lookup status.,"HD-only status: exact_unique; no_exact_match; multiple_exact_unitids; ipeds_year_unavailable; exact_unique_administrative_unit; exact_unique_inactive. This is prior evidence, not final resolution; use ipeds_resolution_status and unitid for the reconciled identity."
ipeds_match_method,bridge,Identifier relationship used at the chosen anchor.,exact_full_opeid_same_reference_year when at least one exact candidate exists; none otherwise. This field alone does not establish unique assignment; consult status and candidate count.
ipeds_exact_candidate_count,bridge,Number of distinct annual UNITIDs sharing the full FSA OPEID at the chosen anchor.,"Distinct exact full-OPEID directory candidates including offices/inactive records. Zero is no exact candidate or no directory; multiple nonadministrative candidates block a singleton, but an official site relation can distinguish an institution from administrative duplicates. Consult final resolution status."
ipeds_unitid_start,bridge,"Unique exact UNITID candidate at award-year start, before eligibility/scope screens.",Nullable integer; populated only if exactly one full-OPEID candidate exists. May refer to an administrative or inactive record. Diagnostic only; use assigned unitid and screening fields for analysis.
ipeds_unitid_end,bridge,"Unique exact UNITID candidate at award-year end, before eligibility/scope screens.",Nullable integer; populated only if exactly one full-OPEID candidate exists. May refer to an administrative or inactive record. Diagnostic only; not a nearest-year replacement.
ipeds_start_candidate_count,bridge,Number of exact full-OPEID UNITID candidates in the start-year directory.,Nonnegative integer; includes administrative and inactive records. Interpret zero alongside directory availability.
ipeds_end_candidate_count,bridge,Number of exact full-OPEID UNITID candidates in the end-year directory.,Nonnegative integer; includes administrative and inactive records. Interpret zero alongside directory availability.
ipeds_anchor_sensitivity,bridge,Comparison of exact candidate identity between start and end anchors.,stable_unique: same single UNITID in both years; different_unitid: two unique but different IDs; ambiguous_or_unmatched: at least one ambiguous/absent match with both years available; year_unavailable: a directory year is missing. stable_unique is not itself scope certification.
ipeds_scope_root,bridge,"Conservative diagnostic OPEID group, allowing additional-location overflow.",Six-character string formed as 0 plus characters 2-6 of full OPEID. The first OPEID digit can encode overflow locations. Used only for scope review; never assigns UNITIDs or allocates aid.
ipeds_root_unitid_count_start,bridge,Count of annual IPEDS UNITIDs within the diagnostic OPEID group at the start anchor.,"Includes all valid-ID directory members, including offices/inactive records. More than one excludes strict screening, even when the full-ID exact match is unique."
ipeds_root_unitid_count_end,bridge,Count of annual IPEDS UNITIDs within the diagnostic OPEID group at the end anchor.,"Includes all valid-ID directory members, including offices/inactive records. More than one excludes strict screening; zero can reflect missing year or no group record."
fsa_root_opeid_count,bridge,Number of distinct FSA full OPEIDs in this diagnostic group and award year.,Based on the supplied FSA panel. More than one flags possible overlapping parent/location reporting and excludes the strict subset. Does not prove double counting or authorize aggregation.
ipeds_opeid_lifetime_unitid_count,bridge,Distinct UNITIDs associated with this full OPEID across loaded directory years.,"Observed-input-span count, not the entire historical lifetime. More than one triggers longitudinal review and strict exclusion. It does not determine the reason for a change."
ipeds_unitid_lifetime_opeid_count,bridge,Distinct full OPEIDs associated with the original HD-only assigned UNITID across loaded directories.,"Observed-input-span count, not a lifetime guarantee. Calculated for ipeds_directory_unitid before reconciliation, not for a newly resolved official alias; zero when the base directory tag was absent. More than one is a conservative longitudinal review flag, not a merger instruction."
ipeds_strict_eligible,bridge,Eligibility for the restrictive longitudinal sensitivity subset.,"Boolean preserving the original stable exact-ID/singleton-group/activity/scope/history/descriptor screen, additionally requiring final annual identity eligibility and the same UNITID as the base tag. Accepted Title IV codes are year-aware, including qualifying new participants. Official multiplicity, incomplete site parsing or identity conflicts can remove prior eligibility. This is not general research eligibility or proof of program amount scope. Official site multiplicity, incomplete parsing or different singleton UNITIDs at either start/end anchor veto strict eligibility; absence of a crosswalk alone does not."
ipeds_strict_exclusion_reasons,bridge,All applicable reasons the row fails conservative screening.,"Semicolon-delimited, overlapping flags; empty means eligible. Reasons cover match status, anchor status, multiple IPEDS/FSA group members, historical ID changes, parent/child or branch flags, Title IV/activity/closure flags, missing metadata, and unresolved FSA descriptors. Reason counts must not be added as mutually exclusive exclusions."
ipeds_reporting_scope,bridge,Summary of the final conservative longitudinal scope screen.,singleton_directory_group_screened when final ipeds_strict_eligible is true; requires_scope_review otherwise. Reflects official-crosswalk reconciliation as well as base-HD screens. Neither label proves exclusive program aid scope.
ipeds_instnm,bridge,IPEDS institution name in the selected annual directory.,Raw annual text; naming and reporting boundaries can change. Do not use as an automatic identity key. Resolved annual UNITID metadata; null when no identity resolves. For original exact candidates inspect the candidates table.
ipeds_stabbr,bridge,IPEDS state or jurisdiction abbreviation.,Raw directory code; includes territories. May differ from the FSA reporting address; no geography filtering is applied by linkage. Resolved annual UNITID metadata; null when no identity resolves. For original exact candidates inspect the candidates table.
ipeds_city,bridge,IPEDS directory city.,Raw text; address changes do not themselves establish institutional entry or exit. Resolved annual UNITID metadata; null when no identity resolves. For original exact candidates inspect the candidates table.
ipeds_zip,bridge,IPEDS directory ZIP or postal code.,Raw text including leading zeros and possible extended ZIP; do not convert to a quantity. Resolved annual UNITID metadata; null when no identity resolves. For original exact candidates inspect the candidates table.
ipeds_opeflag,bridge,IPEDS Title IV participation or eligibility classification.,"Raw annual Title IV code of resolved UNITID. Interpret using ipeds_title_iv_status and the annual dictionary; code4 changes across years, and8 denotes new spring participation from2004. Identity resolution does not automatically establish active program participation."
ipeds_sector,bridge,"IPEDS institutional sector, combining control and level.",Raw resolved-unit code:0 administrative;1/2/3 public/nonprofit/for-profit four-year;4/5/6 corresponding two-year sectors;7/8/9 corresponding less-than-two-year sectors;99 unknown/inactive. Administrative UNITIDs can be retained as identities but ipeds_annual_identity_eligible is false.
ipeds_cyactive,bridge,IPEDS current-year activity classification.,"Raw resolved-unit code:1 active, including some current-year closures with reportable data;2 potential additions/restores;3 inactive. Annual identity may be retained regardless of activity; consult ACT, closure and intended-outcome eligibility."
ipeds_act,bridge,Detailed IPEDS directory activity status.,"Raw resolved-unit annual letters including A active, N new, R restored, M current-year closure with reportable data, C combined, D deleted and G perfect child in recent files. Other codes vary by year. Annual identity may remain available even when strict eligibility fails; consult the annual dictionary."
ipeds_newid,bridge,UNITID under which data for a merged institution are reported.,"Raw positive target UNITID is a merger review flag, not an automatic successor assignment. -2 generally means not applicable; missing values or other sentinels retain annual-source meaning. Resolved annual UNITID metadata; null when no identity resolves. For original exact candidates inspect the candidates table."
ipeds_deathyr,bridge,Year the institution was deleted from the IPEDS directory.,Raw year or source sentinel such as -2. A positive value flags longitudinal review; it is not necessarily the physical closing date. Resolved annual UNITID metadata; null when no identity resolves. For original exact candidates inspect the candidates table.
ipeds_closedat,bridge,Institution closing date reported in the annual directory.,Raw source date string (historically MMDDYYYY) or sentinel. Not recoded into a standard date. A substantive date triggers closure review. Resolved annual UNITID metadata; null when no identity resolves. For original exact candidates inspect the candidates table.
ipeds_postsec,bridge,Indicator that the institution is primarily postsecondary.,"Raw annual code; recent coding uses 1 primarily postsecondary and 2 not primarily postsecondary. This is a scope descriptor, not an OPEID crosswalk rule. Resolved annual UNITID metadata; null when no identity resolves. For original exact candidates inspect the candidates table."
ipeds_pseflag,bridge,IPEDS postsecondary institution status.,"Raw annual code; recent coding uses 1 active postsecondary, 2 not primarily postsecondary or not open to the public, 3 inactive. Interpret using the annual dictionary. Resolved annual UNITID metadata; null when no identity resolves. For original exact candidates inspect the candidates table."
ipeds_pset4flg,bridge,Joint IPEDS postsecondary and Title IV universe indicator.,"Raw annual code; recent values include 1 Title IV postsecondary, 2 non-Title-IV postsecondary, 3 Title IV but not primarily postsecondary, 6 non-Title-IV and not open to the public, 9 inactive. Retained for study-specific universe decisions. Resolved annual UNITID metadata; null when no identity resolves. For original exact candidates inspect the candidates table."
ipeds_rptmth,bridge,Reporting method for charges and student outcome/aid cohorts.,"Raw annual categorical code. Recent 1 denotes academic-year charges with fall cohorts; 2 program charges/full-year cohorts; 3 academic-year charges/full-year cohorts; -1 not reported, -2 not applicable. Do not assume calendar equivalence across institutions. Refreshed from the resolved annual UNITID; null when unresolved. System affiliation does not determine aid scope."
ipeds_f1systyp,bridge,Membership in a multi-institution or multicampus organization.,"Raw annual code; recent 1 yes, 2 no, -1 not reported, -2 not applicable. Membership alone does not establish shared FSA or IPEDS reporting scope. Refreshed from the resolved annual UNITID; null when unresolved. System affiliation does not determine aid scope."
ipeds_f1sysnam,bridge,Name of the multi-institution or multicampus organization.,Raw annual name or sentinel. It is not an allocation key or an institution identifier. Refreshed from the resolved annual UNITID; null when unresolved. System affiliation does not determine aid scope.
ipeds_f1syscod,bridge,IPEDS identifier for a multi-institution or multicampus organization.,Raw annual organization code or sentinel; distinct from UNITID and OPEID. Do not use it to distribute or automatically aggregate FSA aid. Refreshed from the resolved annual UNITID; null when unresolved. System affiliation does not determine aid scope.
prch_ic,bridge,Raw IPEDS parent/child reporting indicator for Institutional Characteristics.,"Annual-source categorical code, not a common hierarchy across all components. -2 generally means not applicable; missing/unavailable is retained. Positive codes are conservatively flagged for strict exclusion; meanings and partial-reporting categories vary by year. Use the corresponding annual source dictionary before a component-specific analysis. In bridge these raw fields describe the resolved UNITID; in candidates they describe that individual candidate."
idx_ic,bridge,Raw UNITID of the parent reporting Institutional Characteristics for this IPEDS record.,Positive values identify a reporting parent in this component; -2 generally means not applicable. Missing or nonnumeric source tokens are not zero or evidence of independent reporting. Never use this field to allocate FSA aid or as a universal parent crosswalk. In bridge these raw fields describe the resolved UNITID; in candidates they describe that individual candidate.
ipeds_source_path,bridge,Local path of the annual HD/directory source for this candidate record.,"Provenance for directory fields, not for every appended FLAGS value. Consult ipeds_source_manifest.csv for separate HD and FLAGS files and their vintages. Describes the resolved annual UNITID source; empty if no identity resolves, including when base-HD candidates exist."
ipeds_source_sha256,bridge,SHA-256 of the annual HD/directory source file.,"64-character hash of the source ZIP or CSV, not the extracted CSV member alone. Separate FLAGS hashes are recorded in the source manifest. Describes the resolved annual UNITID source; empty if no identity resolves, including when base-HD candidates exist."
ipeds_source_member,bridge,Selected annual directory CSV member or standalone CSV filename.,"For ZIP inputs this identifies the member actually parsed. Explicit revised _rv/_r members take precedence; the name alone does not certify a final release. Describes the resolved annual UNITID source; empty if no identity resolves, including when base-HD candidates exist."
prch_c,bridge,Raw IPEDS parent/child reporting indicator for Completions.,"Annual-source categorical code, not a common hierarchy across all components. -2 generally means not applicable; missing/unavailable is retained. Positive codes are conservatively flagged for strict exclusion; meanings and partial-reporting categories vary by year. Use the corresponding annual source dictionary before a component-specific analysis. In bridge these raw fields describe the resolved UNITID; in candidates they describe that individual candidate."
idx_c,bridge,Raw UNITID of the parent reporting Completions for this IPEDS record.,Positive values identify a reporting parent in this component; -2 generally means not applicable. Missing or nonnumeric source tokens are not zero or evidence of independent reporting. Never use this field to allocate FSA aid or as a universal parent crosswalk. In bridge these raw fields describe the resolved UNITID; in candidates they describe that individual candidate.
prch_ef,bridge,Raw IPEDS parent/child reporting indicator for Fall Enrollment.,"Annual-source categorical code, not a common hierarchy across all components. -2 generally means not applicable; missing/unavailable is retained. Positive codes are conservatively flagged for strict exclusion; meanings and partial-reporting categories vary by year. Use the corresponding annual source dictionary before a component-specific analysis. In bridge these raw fields describe the resolved UNITID; in candidates they describe that individual candidate."
idx_ef,bridge,Raw UNITID of the parent reporting Fall Enrollment for this IPEDS record.,Positive values identify a reporting parent in this component; -2 generally means not applicable. Missing or nonnumeric source tokens are not zero or evidence of independent reporting. Never use this field to allocate FSA aid or as a universal parent crosswalk. In bridge these raw fields describe the resolved UNITID; in candidates they describe that individual candidate.
prch_f,bridge,Raw IPEDS parent/child reporting indicator for Finance.,"Annual-source categorical code, not a common hierarchy across all components. -2 generally means not applicable; missing/unavailable is retained. Positive codes are conservatively flagged for strict exclusion; meanings and partial-reporting categories vary by year. Use the corresponding annual source dictionary before a component-specific analysis. In bridge these raw fields describe the resolved UNITID; in candidates they describe that individual candidate."
idx_f,bridge,Raw UNITID of the parent reporting Finance for this IPEDS record.,Positive values identify a reporting parent in this component; -2 generally means not applicable. Missing or nonnumeric source tokens are not zero or evidence of independent reporting. Never use this field to allocate FSA aid or as a universal parent crosswalk. In bridge these raw fields describe the resolved UNITID; in candidates they describe that individual candidate.
prch_sfa,bridge,Raw IPEDS parent/child reporting indicator for Student Financial Aid.,"Annual-source categorical code, not a common hierarchy across all components. -2 generally means not applicable; missing/unavailable is retained. Positive codes are conservatively flagged for strict exclusion; meanings and partial-reporting categories vary by year. Use the corresponding annual source dictionary before a component-specific analysis. In bridge these raw fields describe the resolved UNITID; in candidates they describe that individual candidate."
idx_sfa,bridge,Raw UNITID of the parent reporting Student Financial Aid for this IPEDS record.,Positive values identify a reporting parent in this component; -2 generally means not applicable. Missing or nonnumeric source tokens are not zero or evidence of independent reporting. Never use this field to allocate FSA aid or as a universal parent crosswalk. In bridge these raw fields describe the resolved UNITID; in candidates they describe that individual candidate.
prch_gr,bridge,Raw IPEDS parent/child reporting indicator for Graduation Rates.,"Annual-source categorical code, not a common hierarchy across all components. -2 generally means not applicable; missing/unavailable is retained. Positive codes are conservatively flagged for strict exclusion; meanings and partial-reporting categories vary by year. Use the corresponding annual source dictionary before a component-specific analysis. In bridge these raw fields describe the resolved UNITID; in candidates they describe that individual candidate."
idx_gr,bridge,Raw UNITID of the parent reporting Graduation Rates for this IPEDS record.,Positive values identify a reporting parent in this component; -2 generally means not applicable. Missing or nonnumeric source tokens are not zero or evidence of independent reporting. Never use this field to allocate FSA aid or as a universal parent crosswalk. In bridge these raw fields describe the resolved UNITID; in candidates they describe that individual candidate.
prch_sa,bridge,Raw IPEDS parent/child reporting indicator for historical Salaries component.,"Annual-source categorical code, not a common hierarchy across all components. -2 generally means not applicable; missing/unavailable is retained. Positive codes are conservatively flagged for strict exclusion; meanings and partial-reporting categories vary by year. Use the corresponding annual source dictionary before a component-specific analysis. In bridge these raw fields describe the resolved UNITID; in candidates they describe that individual candidate."
idx_sa,bridge,Raw UNITID of the parent reporting historical Salaries component for this IPEDS record.,Positive values identify a reporting parent in this component; -2 generally means not applicable. Missing or nonnumeric source tokens are not zero or evidence of independent reporting. Never use this field to allocate FSA aid or as a universal parent crosswalk. In bridge these raw fields describe the resolved UNITID; in candidates they describe that individual candidate.
prch_s,bridge,Raw IPEDS parent/child reporting indicator for historical Fall Staff component.,"Annual-source categorical code, not a common hierarchy across all components. -2 generally means not applicable; missing/unavailable is retained. Positive codes are conservatively flagged for strict exclusion; meanings and partial-reporting categories vary by year. Use the corresponding annual source dictionary before a component-specific analysis. In bridge these raw fields describe the resolved UNITID; in candidates they describe that individual candidate."
idx_s,bridge,Raw UNITID of the parent reporting historical Fall Staff component for this IPEDS record.,Positive values identify a reporting parent in this component; -2 generally means not applicable. Missing or nonnumeric source tokens are not zero or evidence of independent reporting. Never use this field to allocate FSA aid or as a universal parent crosswalk. In bridge these raw fields describe the resolved UNITID; in candidates they describe that individual candidate.
prch_eap,bridge,Raw IPEDS parent/child reporting indicator for historical Employees by Assigned Position.,"Annual-source categorical code, not a common hierarchy across all components. -2 generally means not applicable; missing/unavailable is retained. Positive codes are conservatively flagged for strict exclusion; meanings and partial-reporting categories vary by year. Use the corresponding annual source dictionary before a component-specific analysis. In bridge these raw fields describe the resolved UNITID; in candidates they describe that individual candidate."
idx_eap,bridge,Raw UNITID of the parent reporting historical Employees by Assigned Position for this IPEDS record.,Positive values identify a reporting parent in this component; -2 generally means not applicable. Missing or nonnumeric source tokens are not zero or evidence of independent reporting. Never use this field to allocate FSA aid or as a universal parent crosswalk. In bridge these raw fields describe the resolved UNITID; in candidates they describe that individual candidate.
prch_hr,bridge,Raw IPEDS parent/child reporting indicator for Human Resources.,"Annual-source categorical code, not a common hierarchy across all components. -2 generally means not applicable; missing/unavailable is retained. Positive codes are conservatively flagged for strict exclusion; meanings and partial-reporting categories vary by year. Use the corresponding annual source dictionary before a component-specific analysis. In bridge these raw fields describe the resolved UNITID; in candidates they describe that individual candidate."
idx_hr,bridge,Raw UNITID of the parent reporting Human Resources for this IPEDS record.,Positive values identify a reporting parent in this component; -2 generally means not applicable. Missing or nonnumeric source tokens are not zero or evidence of independent reporting. Never use this field to allocate FSA aid or as a universal parent crosswalk. In bridge these raw fields describe the resolved UNITID; in candidates they describe that individual candidate.
prch_e12,bridge,Raw IPEDS parent/child reporting indicator for 12-Month Enrollment.,"Annual-source categorical code, not a common hierarchy across all components. -2 generally means not applicable; missing/unavailable is retained. Positive codes are conservatively flagged for strict exclusion; meanings and partial-reporting categories vary by year. Use the corresponding annual source dictionary before a component-specific analysis. In bridge these raw fields describe the resolved UNITID; in candidates they describe that individual candidate."
idx_e12,bridge,Raw UNITID of the parent reporting 12-Month Enrollment for this IPEDS record.,Positive values identify a reporting parent in this component; -2 generally means not applicable. Missing or nonnumeric source tokens are not zero or evidence of independent reporting. Never use this field to allocate FSA aid or as a universal parent crosswalk. In bridge these raw fields describe the resolved UNITID; in candidates they describe that individual candidate.
prch_gr2,bridge,Raw IPEDS parent/child reporting indicator for Graduation Rates at 200 percent of normal time.,"Annual-source categorical code, not a common hierarchy across all components. -2 generally means not applicable; missing/unavailable is retained. Positive codes are conservatively flagged for strict exclusion; meanings and partial-reporting categories vary by year. Use the corresponding annual source dictionary before a component-specific analysis. In bridge these raw fields describe the resolved UNITID; in candidates they describe that individual candidate."
idx_gr2,bridge,Raw UNITID of the parent reporting Graduation Rates at 200 percent of normal time for this IPEDS record.,Positive values identify a reporting parent in this component; -2 generally means not applicable. Missing or nonnumeric source tokens are not zero or evidence of independent reporting. Never use this field to allocate FSA aid or as a universal parent crosswalk. In bridge these raw fields describe the resolved UNITID; in candidates they describe that individual candidate.
prch_al,bridge,Raw IPEDS parent/child reporting indicator for Academic Libraries.,"Annual-source categorical code, not a common hierarchy across all components. -2 generally means not applicable; missing/unavailable is retained. Positive codes are conservatively flagged for strict exclusion; meanings and partial-reporting categories vary by year. Use the corresponding annual source dictionary before a component-specific analysis. In bridge these raw fields describe the resolved UNITID; in candidates they describe that individual candidate."
idx_al,bridge,Raw UNITID of the parent reporting Academic Libraries for this IPEDS record.,Positive values identify a reporting parent in this component; -2 generally means not applicable. Missing or nonnumeric source tokens are not zero or evidence of independent reporting. Never use this field to allocate FSA aid or as a universal parent crosswalk. In bridge these raw fields describe the resolved UNITID; in candidates they describe that individual candidate.
prch_om,bridge,Raw IPEDS parent/child reporting indicator for Outcome Measures.,"Annual-source categorical code, not a common hierarchy across all components. -2 generally means not applicable; missing/unavailable is retained. Positive codes are conservatively flagged for strict exclusion; meanings and partial-reporting categories vary by year. Use the corresponding annual source dictionary before a component-specific analysis. In bridge these raw fields describe the resolved UNITID; in candidates they describe that individual candidate."
idx_om,bridge,Raw UNITID of the parent reporting Outcome Measures for this IPEDS record.,Positive values identify a reporting parent in this component; -2 generally means not applicable. Missing or nonnumeric source tokens are not zero or evidence of independent reporting. Never use this field to allocate FSA aid or as a universal parent crosswalk. In bridge these raw fields describe the resolved UNITID; in candidates they describe that individual candidate.
prchtp_f,bridge,Raw type of Finance parent/child reporting arrangement.,Annual categorical code describing the Finance joint-reporting arrangement; distinct from PRCH_F role and IDX_F parent identity. Positive values trigger conservative strict exclusion. Interpret detailed values with that annual FLAGS dictionary; not a rule for allocating FSA aid. In bridge these raw fields describe the resolved UNITID; in candidates they describe that individual candidate.
prch_adm,bridge,Raw IPEDS parent/child reporting indicator for Admissions.,"Annual-source categorical code, not a common hierarchy across all components. -2 generally means not applicable; missing/unavailable is retained. Positive codes are conservatively flagged for strict exclusion; meanings and partial-reporting categories vary by year. Use the corresponding annual source dictionary before a component-specific analysis. In bridge these raw fields describe the resolved UNITID; in candidates they describe that individual candidate."
idx_adm,bridge,Raw UNITID of the parent reporting Admissions for this IPEDS record.,Positive values identify a reporting parent in this component; -2 generally means not applicable. Missing or nonnumeric source tokens are not zero or evidence of independent reporting. Never use this field to allocate FSA aid or as a universal parent crosswalk. In bridge these raw fields describe the resolved UNITID; in candidates they describe that individual candidate.
fsa_opeid8,candidates,Original FSA full OPEID whose possible directory links are listed.,"Together with award_year identifies the FSA observation, repeated over candidate records. Candidates contain no FSA aid measures; never directly one-to-many join this table to aid amounts."
award_year,candidates,Original FSA award-year key.,"Preserved from the source panel, normally YYYY-YYYY. The first year is the award-year start and the next year its end. Distinct textual representations of the same OPEID/start-year are rejected."
candidate_relation,candidates,Relationship of this directory record to the FSA OPEID.,exact_opeid means all eight digits match; scope_group_only_no_assignment means only the diagnostic group matches. The latter is review evidence only and never assigns a UNITID.
reference_anchor,candidates,Whether the candidate comes from the start or end reference directory.,"start or end, relative to FSA award_year. Both sets are retained regardless of the bridge assignment anchor."
ipeds_year,candidates,Reference year of the IPEDS annual directory.,"In bridge, the chosen start/end anchor year; in candidates, the year of that candidate directory record. This is not automatically the reference year of every IPEDS outcome or financial measure."
unitid,candidates,IPEDS UNITID of this candidate directory record.,"Positive integer; candidate identity only. Can be ambiguous, administrative, inactive, or merely group-related. It is not an assigned FSA institution tag."
opeid8,candidates,Normalized full eight-digit OPEID on the candidate IPEDS directory record.,String with leading zeros. Compare with fsa_opeid8 for exact identity; do not confuse a related branch OPEID with the original FSA reporting key.
opeid_raw,candidates,OPEID token as read from the IPEDS directory CSV.,Retained before full-ID zero padding; may lack leading zeros. Rows with invalid/missing OPEIDs are instead retained in ipeds_invalid_opeid_records.csv.
instnm,candidates,IPEDS institution name in the selected annual directory.,Raw annual text; naming and reporting boundaries can change. Do not use as an automatic identity key.
stabbr,candidates,IPEDS state or jurisdiction abbreviation.,Raw directory code; includes territories. May differ from the FSA reporting address; no geography filtering is applied by linkage.
city,candidates,IPEDS directory city.,Raw text; address changes do not themselves establish institutional entry or exit.
zip,candidates,IPEDS directory ZIP or postal code.,Raw text including leading zeros and possible extended ZIP; do not convert to a quantity.
opeflag,candidates,IPEDS Title IV participation or eligibility classification.,"Raw annual candidate Title IV code.1 participating;2 branch;3 limited/deferment;4 has year-dependent eligibility/new-participant meaning;5 not participating with OPEID;6 not participating without OPEID;7 stopped participation;8 new spring participation from2004. Use the annual dictionary. Strict participation rules are year-aware, not uniformly code1."
sector,candidates,"IPEDS institutional sector, combining control and level.",Raw candidate sector:0 administrative;1/2/3 public/nonprofit/for-profit four-year;4/5/6 corresponding two-year sectors;7/8/9 corresponding less-than-two-year sectors;99 unknown/inactive. An administrative UNITID can be retained as annual identity evidence but is not institutionally eligible.
cyactive,candidates,IPEDS current-year activity classification.,"Raw candidate activity code:1 active, including some current-year closures with reportable data;2 potential additions/restores;3 inactive. ACT and closure fields must also be considered. Annual identity retention and study eligibility are separate."
act,candidates,Detailed IPEDS directory activity status.,"Raw annual candidate letters including A active, N new, R restored, M current-year closure with reportable data, C combined, D deleted, G perfect child in recent files. Meanings vary by year. Activity affects conservative and study-specific eligibility, while annual identity can still be retained; consult the dictionary."
newid,candidates,UNITID under which data for a merged institution are reported.,"Raw positive target UNITID is a merger review flag, not an automatic successor assignment. -2 generally means not applicable; missing values or other sentinels retain annual-source meaning."
deathyr,candidates,Year the institution was deleted from the IPEDS directory.,Raw year or source sentinel such as -2. A positive value flags longitudinal review; it is not necessarily the physical closing date.
closedat,candidates,Institution closing date reported in the annual directory.,Raw source date string (historically MMDDYYYY) or sentinel. Not recoded into a standard date. A substantive date triggers closure review.
prch_ic,candidates,Raw IPEDS parent/child reporting indicator for Institutional Characteristics.,"Annual-source categorical code, not a common hierarchy across all components. -2 generally means not applicable; missing/unavailable is retained. Positive codes are conservatively flagged for strict exclusion; meanings and partial-reporting categories vary by year. Use the corresponding annual source dictionary before a component-specific analysis. In bridge these raw fields describe the resolved UNITID; in candidates they describe that individual candidate."
idx_ic,candidates,Raw UNITID of the parent reporting Institutional Characteristics for this IPEDS record.,Positive values identify a reporting parent in this component; -2 generally means not applicable. Missing or nonnumeric source tokens are not zero or evidence of independent reporting. Never use this field to allocate FSA aid or as a universal parent crosswalk. In bridge these raw fields describe the resolved UNITID; in candidates they describe that individual candidate.
ipeds_source_path,candidates,Local path of the annual HD/directory source for this candidate record.,"Provenance for directory fields, not for every appended FLAGS value. Consult ipeds_source_manifest.csv for separate HD and FLAGS files and their vintages."
ipeds_source_sha256,candidates,SHA-256 of the annual HD/directory source file.,"64-character hash of the source ZIP or CSV, not the extracted CSV member alone. Separate FLAGS hashes are recorded in the source manifest."
ipeds_source_member,candidates,Selected annual directory CSV member or standalone CSV filename.,For ZIP inputs this identifies the member actually parsed. Explicit revised _rv/_r members take precedence; the name alone does not certify a final release.
ipeds_flags_available,candidates,Availability and numeric validity of required Finance/SFA parent-child metadata.,"Boolean requiring usable PRCH_F, IDX_F, PRCH_SFA, IDX_SFA codes. Valid integers are -2 or nonnegative; a token such as dot is unavailable. Does not certify completeness of every other IPEDS component."
pseflag,candidates,IPEDS postsecondary institution status.,"Raw annual code; recent coding uses 1 active postsecondary, 2 not primarily postsecondary or not open to the public, 3 inactive. Interpret using the annual dictionary."
pset4flg,candidates,Joint IPEDS postsecondary and Title IV universe indicator.,"Raw annual code; recent values include 1 Title IV postsecondary, 2 non-Title-IV postsecondary, 3 Title IV but not primarily postsecondary, 6 non-Title-IV and not open to the public, 9 inactive. Retained for study-specific universe decisions."
prch_c,candidates,Raw IPEDS parent/child reporting indicator for Completions.,"Annual-source categorical code, not a common hierarchy across all components. -2 generally means not applicable; missing/unavailable is retained. Positive codes are conservatively flagged for strict exclusion; meanings and partial-reporting categories vary by year. Use the corresponding annual source dictionary before a component-specific analysis. In bridge these raw fields describe the resolved UNITID; in candidates they describe that individual candidate."
idx_c,candidates,Raw UNITID of the parent reporting Completions for this IPEDS record.,Positive values identify a reporting parent in this component; -2 generally means not applicable. Missing or nonnumeric source tokens are not zero or evidence of independent reporting. Never use this field to allocate FSA aid or as a universal parent crosswalk. In bridge these raw fields describe the resolved UNITID; in candidates they describe that individual candidate.
prch_ef,candidates,Raw IPEDS parent/child reporting indicator for Fall Enrollment.,"Annual-source categorical code, not a common hierarchy across all components. -2 generally means not applicable; missing/unavailable is retained. Positive codes are conservatively flagged for strict exclusion; meanings and partial-reporting categories vary by year. Use the corresponding annual source dictionary before a component-specific analysis. In bridge these raw fields describe the resolved UNITID; in candidates they describe that individual candidate."
idx_ef,candidates,Raw UNITID of the parent reporting Fall Enrollment for this IPEDS record.,Positive values identify a reporting parent in this component; -2 generally means not applicable. Missing or nonnumeric source tokens are not zero or evidence of independent reporting. Never use this field to allocate FSA aid or as a universal parent crosswalk. In bridge these raw fields describe the resolved UNITID; in candidates they describe that individual candidate.
prch_f,candidates,Raw IPEDS parent/child reporting indicator for Finance.,"Annual-source categorical code, not a common hierarchy across all components. -2 generally means not applicable; missing/unavailable is retained. Positive codes are conservatively flagged for strict exclusion; meanings and partial-reporting categories vary by year. Use the corresponding annual source dictionary before a component-specific analysis. In bridge these raw fields describe the resolved UNITID; in candidates they describe that individual candidate."
idx_f,candidates,Raw UNITID of the parent reporting Finance for this IPEDS record.,Positive values identify a reporting parent in this component; -2 generally means not applicable. Missing or nonnumeric source tokens are not zero or evidence of independent reporting. Never use this field to allocate FSA aid or as a universal parent crosswalk. In bridge these raw fields describe the resolved UNITID; in candidates they describe that individual candidate.
prch_sfa,candidates,Raw IPEDS parent/child reporting indicator for Student Financial Aid.,"Annual-source categorical code, not a common hierarchy across all components. -2 generally means not applicable; missing/unavailable is retained. Positive codes are conservatively flagged for strict exclusion; meanings and partial-reporting categories vary by year. Use the corresponding annual source dictionary before a component-specific analysis. In bridge these raw fields describe the resolved UNITID; in candidates they describe that individual candidate."
idx_sfa,candidates,Raw UNITID of the parent reporting Student Financial Aid for this IPEDS record.,Positive values identify a reporting parent in this component; -2 generally means not applicable. Missing or nonnumeric source tokens are not zero or evidence of independent reporting. Never use this field to allocate FSA aid or as a universal parent crosswalk. In bridge these raw fields describe the resolved UNITID; in candidates they describe that individual candidate.
prch_gr,candidates,Raw IPEDS parent/child reporting indicator for Graduation Rates.,"Annual-source categorical code, not a common hierarchy across all components. -2 generally means not applicable; missing/unavailable is retained. Positive codes are conservatively flagged for strict exclusion; meanings and partial-reporting categories vary by year. Use the corresponding annual source dictionary before a component-specific analysis. In bridge these raw fields describe the resolved UNITID; in candidates they describe that individual candidate."
idx_gr,candidates,Raw UNITID of the parent reporting Graduation Rates for this IPEDS record.,Positive values identify a reporting parent in this component; -2 generally means not applicable. Missing or nonnumeric source tokens are not zero or evidence of independent reporting. Never use this field to allocate FSA aid or as a universal parent crosswalk. In bridge these raw fields describe the resolved UNITID; in candidates they describe that individual candidate.
prch_sa,candidates,Raw IPEDS parent/child reporting indicator for historical Salaries component.,"Annual-source categorical code, not a common hierarchy across all components. -2 generally means not applicable; missing/unavailable is retained. Positive codes are conservatively flagged for strict exclusion; meanings and partial-reporting categories vary by year. Use the corresponding annual source dictionary before a component-specific analysis. In bridge these raw fields describe the resolved UNITID; in candidates they describe that individual candidate."
idx_sa,candidates,Raw UNITID of the parent reporting historical Salaries component for this IPEDS record.,Positive values identify a reporting parent in this component; -2 generally means not applicable. Missing or nonnumeric source tokens are not zero or evidence of independent reporting. Never use this field to allocate FSA aid or as a universal parent crosswalk. In bridge these raw fields describe the resolved UNITID; in candidates they describe that individual candidate.
prch_s,candidates,Raw IPEDS parent/child reporting indicator for historical Fall Staff component.,"Annual-source categorical code, not a common hierarchy across all components. -2 generally means not applicable; missing/unavailable is retained. Positive codes are conservatively flagged for strict exclusion; meanings and partial-reporting categories vary by year. Use the corresponding annual source dictionary before a component-specific analysis. In bridge these raw fields describe the resolved UNITID; in candidates they describe that individual candidate."
idx_s,candidates,Raw UNITID of the parent reporting historical Fall Staff component for this IPEDS record.,Positive values identify a reporting parent in this component; -2 generally means not applicable. Missing or nonnumeric source tokens are not zero or evidence of independent reporting. Never use this field to allocate FSA aid or as a universal parent crosswalk. In bridge these raw fields describe the resolved UNITID; in candidates they describe that individual candidate.
prch_eap,candidates,Raw IPEDS parent/child reporting indicator for historical Employees by Assigned Position.,"Annual-source categorical code, not a common hierarchy across all components. -2 generally means not applicable; missing/unavailable is retained. Positive codes are conservatively flagged for strict exclusion; meanings and partial-reporting categories vary by year. Use the corresponding annual source dictionary before a component-specific analysis. In bridge these raw fields describe the resolved UNITID; in candidates they describe that individual candidate."
idx_eap,candidates,Raw UNITID of the parent reporting historical Employees by Assigned Position for this IPEDS record.,Positive values identify a reporting parent in this component; -2 generally means not applicable. Missing or nonnumeric source tokens are not zero or evidence of independent reporting. Never use this field to allocate FSA aid or as a universal parent crosswalk. In bridge these raw fields describe the resolved UNITID; in candidates they describe that individual candidate.
postsec,candidates,Indicator that the institution is primarily postsecondary.,"Raw annual code; recent coding uses 1 primarily postsecondary and 2 not primarily postsecondary. This is a scope descriptor, not an OPEID crosswalk rule."
f1systyp,candidates,Membership in a multi-institution or multicampus organization.,"Raw annual code; recent 1 yes, 2 no, -1 not reported, -2 not applicable. Membership alone does not establish shared FSA or IPEDS reporting scope."
f1sysnam,candidates,Name of the multi-institution or multicampus organization.,Raw annual name or sentinel. It is not an allocation key or an institution identifier.
rptmth,candidates,Reporting method for charges and student outcome/aid cohorts.,"Raw annual categorical code. Recent 1 denotes academic-year charges with fall cohorts; 2 program charges/full-year cohorts; 3 academic-year charges/full-year cohorts; -1 not reported, -2 not applicable. Do not assume calendar equivalence across institutions."
prch_hr,candidates,Raw IPEDS parent/child reporting indicator for Human Resources.,"Annual-source categorical code, not a common hierarchy across all components. -2 generally means not applicable; missing/unavailable is retained. Positive codes are conservatively flagged for strict exclusion; meanings and partial-reporting categories vary by year. Use the corresponding annual source dictionary before a component-specific analysis. In bridge these raw fields describe the resolved UNITID; in candidates they describe that individual candidate."
idx_hr,candidates,Raw UNITID of the parent reporting Human Resources for this IPEDS record.,Positive values identify a reporting parent in this component; -2 generally means not applicable. Missing or nonnumeric source tokens are not zero or evidence of independent reporting. Never use this field to allocate FSA aid or as a universal parent crosswalk. In bridge these raw fields describe the resolved UNITID; in candidates they describe that individual candidate.
prch_e12,candidates,Raw IPEDS parent/child reporting indicator for 12-Month Enrollment.,"Annual-source categorical code, not a common hierarchy across all components. -2 generally means not applicable; missing/unavailable is retained. Positive codes are conservatively flagged for strict exclusion; meanings and partial-reporting categories vary by year. Use the corresponding annual source dictionary before a component-specific analysis. In bridge these raw fields describe the resolved UNITID; in candidates they describe that individual candidate."
idx_e12,candidates,Raw UNITID of the parent reporting 12-Month Enrollment for this IPEDS record.,Positive values identify a reporting parent in this component; -2 generally means not applicable. Missing or nonnumeric source tokens are not zero or evidence of independent reporting. Never use this field to allocate FSA aid or as a universal parent crosswalk. In bridge these raw fields describe the resolved UNITID; in candidates they describe that individual candidate.
prch_gr2,candidates,Raw IPEDS parent/child reporting indicator for Graduation Rates at 200 percent of normal time.,"Annual-source categorical code, not a common hierarchy across all components. -2 generally means not applicable; missing/unavailable is retained. Positive codes are conservatively flagged for strict exclusion; meanings and partial-reporting categories vary by year. Use the corresponding annual source dictionary before a component-specific analysis. In bridge these raw fields describe the resolved UNITID; in candidates they describe that individual candidate."
idx_gr2,candidates,Raw UNITID of the parent reporting Graduation Rates at 200 percent of normal time for this IPEDS record.,Positive values identify a reporting parent in this component; -2 generally means not applicable. Missing or nonnumeric source tokens are not zero or evidence of independent reporting. Never use this field to allocate FSA aid or as a universal parent crosswalk. In bridge these raw fields describe the resolved UNITID; in candidates they describe that individual candidate.
f1syscod,candidates,IPEDS identifier for a multi-institution or multicampus organization.,Raw annual organization code or sentinel; distinct from UNITID and OPEID. Do not use it to distribute or automatically aggregate FSA aid.
prch_al,candidates,Raw IPEDS parent/child reporting indicator for Academic Libraries.,"Annual-source categorical code, not a common hierarchy across all components. -2 generally means not applicable; missing/unavailable is retained. Positive codes are conservatively flagged for strict exclusion; meanings and partial-reporting categories vary by year. Use the corresponding annual source dictionary before a component-specific analysis. In bridge these raw fields describe the resolved UNITID; in candidates they describe that individual candidate."
idx_al,candidates,Raw UNITID of the parent reporting Academic Libraries for this IPEDS record.,Positive values identify a reporting parent in this component; -2 generally means not applicable. Missing or nonnumeric source tokens are not zero or evidence of independent reporting. Never use this field to allocate FSA aid or as a universal parent crosswalk. In bridge these raw fields describe the resolved UNITID; in candidates they describe that individual candidate.
prch_om,candidates,Raw IPEDS parent/child reporting indicator for Outcome Measures.,"Annual-source categorical code, not a common hierarchy across all components. -2 generally means not applicable; missing/unavailable is retained. Positive codes are conservatively flagged for strict exclusion; meanings and partial-reporting categories vary by year. Use the corresponding annual source dictionary before a component-specific analysis. In bridge these raw fields describe the resolved UNITID; in candidates they describe that individual candidate."
idx_om,candidates,Raw UNITID of the parent reporting Outcome Measures for this IPEDS record.,Positive values identify a reporting parent in this component; -2 generally means not applicable. Missing or nonnumeric source tokens are not zero or evidence of independent reporting. Never use this field to allocate FSA aid or as a universal parent crosswalk. In bridge these raw fields describe the resolved UNITID; in candidates they describe that individual candidate.
prchtp_f,candidates,Raw type of Finance parent/child reporting arrangement.,Annual categorical code describing the Finance joint-reporting arrangement; distinct from PRCH_F role and IDX_F parent identity. Positive values trigger conservative strict exclusion. Interpret detailed values with that annual FLAGS dictionary; not a rule for allocating FSA aid. In bridge these raw fields describe the resolved UNITID; in candidates they describe that individual candidate.
prch_adm,candidates,Raw IPEDS parent/child reporting indicator for Admissions.,"Annual-source categorical code, not a common hierarchy across all components. -2 generally means not applicable; missing/unavailable is retained. Positive codes are conservatively flagged for strict exclusion; meanings and partial-reporting categories vary by year. Use the corresponding annual source dictionary before a component-specific analysis. In bridge these raw fields describe the resolved UNITID; in candidates they describe that individual candidate."
idx_adm,candidates,Raw UNITID of the parent reporting Admissions for this IPEDS record.,Positive values identify a reporting parent in this component; -2 generally means not applicable. Missing or nonnumeric source tokens are not zero or evidence of independent reporting. Never use this field to allocate FSA aid or as a universal parent crosswalk. In bridge these raw fields describe the resolved UNITID; in candidates they describe that individual candidate.
opeid_scope_root,candidates,Conservative diagnostic group of the candidate OPEID.,Six-character string: 0 plus full-OPEID characters 2-6. Accounts for possible first-digit additional-location overflow. Review only; not an assignment or allocation key.
ipeds_directory_unitid,bridge,Original screened HD-only exact-match tag before official-crosswalk reconciliation.,Nullable integer copied from the base directory lookup: one exact full-OPEID candidate passing its administrative/inactivity screen. Preserve for comparison with resolved unitid. A difference or null need not mean the official annual resolution is absent.
ipeds_directory_match_status,bridge,Explicit copy of the HD-only lookup status before crosswalk reconciliation.,"HD-only status: exact_unique; no_exact_match; multiple_exact_unitids; ipeds_year_unavailable; exact_unique_administrative_unit; exact_unique_inactive. This is prior evidence, not final resolution; use ipeds_resolution_status and unitid for the reconciled identity."
ipeds_geography_class,bridge,FSA reporting-location geography based on available canonical and program-family descriptors.,"foreign_explicit: FC state or foreign school type; us_states_dc; territories_and_freely_associated_states: AS/GU/MP/PR/VI/FM/MH/PW; conflicting_geography: foreign and domestic indicators coexist; unknown otherwise. Blank state is not automatically foreign. This describes FSA source evidence, not IPEDS address."
ipeds_crosswalk_available,bridge,An official crosswalk record exists for this full OPEID and selected reference year.,Boolean. False includes missing crosswalk year and absent OPEID entry; inspect source manifest to distinguish them. True does not imply a site match: cw_source_code=5 records official no match.
ipeds_crosswalk_site_unitids_json,bridge,Complete-token UNITID candidates from official primary and additional site fields.,JSON array of distinct sorted integers. Parent references excluded. Treat as a lower bound when cw_site_parse_complete is false; multiple members prohibit selecting the primary alone.
ipeds_crosswalk_parent_unitids_json,bridge,Official UNITIDs referenced for the FSA main location.,JSON array of distinct sorted integers derived from IPEDSMain. Context and overlap review only; never substitute for a missing site identity or allocate amounts.
ipeds_directory_candidate_unitids_json,bridge,Full-OPEID candidate UNITIDs in the selected-year annual directory.,JSON array of distinct sorted integers including administrative/inactive records. Does not use six-digit or name fallback.
ipeds_resolution_status,bridge,Result of annual directory and official site-relation reconciliation.,"Resolved: official_site_and_directory_agree, official_site_alias_annual_unitid_verified, unique_annual_directory_only. Unresolved: crosswalk_site_parse_incomplete, multiple_official_site_unitids, directory_crosswalk_identity_conflict, multiple_nonadministrative_directory_unitids, crosswalk_site_missing_annual_directory, multiple_exact_directory_unitids, annual_directory_unavailable, no_annual_site_match. A resolved status still requires eligibility/scope interpretation. fsa_ipeds_geography_identity_conflict blocks an otherwise resolved identity when explicit foreign/domestic evidence contradicts the candidate. noninstitutional_source_placeholder identifies a reviewed accounting placeholder retained in raw totals but excluded from institution assignment."
ipeds_annual_identity_eligible,bridge,A singleton annual identity was resolved and is not an administrative office.,"Boolean. Does not require longitudinal stability or independently certify current participation/activity, family-specific identity recovery, descriptor quality, scope comparability, or absence of duplicated program measures. Apply the relevant downstream eligibility and collision checks."
ipeds_identity_is_administrative,bridge,The resolved directory record is an administrative office.,True when selected sector=0; such identities are retained in unitid but excluded from annual institutional eligibility.
ipeds_title_iv_status,bridge,Year-aware interpretation of resolved OPEFLAG.,participating=1; branch_of_participating_institution=2; deferment_only=3; code4 is eligible_out_of_scope_or_historical_definition in1999/2001 and new_participant otherwise; new_spring_participant=8 from2004; not_participating_with_opeid=5; not_participating_without_opeid=6; stopped_participating=7; unknown otherwise.
ipeds_activity_code,bridge,Detailed ACT status of resolved annual UNITID.,"Raw code, duplicate of ipeds_act. Retain closed/inactive identities for interpretation; activity must be screened for the intended analysis."
ipeds_current_year_active_code,bridge,CYACTIVE status of resolved annual UNITID.,"Raw code, duplicate of ipeds_cyactive. Active/current-year records can still include closures with reportable data."
ipeds_closed_with_data,bridge,Resolved institution has ACT=M in the annual directory.,Boolean. Indicates a current-year closure with reportable data; do not confuse with zero activity or automatic removal from every historical analysis.
ipeds_identity_uses_historical_relation,bridge,The associated official crosswalk record has retrospective Source3.,"Boolean flag based on the available official record, including unresolved rows. Source3 uses relationships established in other years; it does not prove every PEPS identifier was contemporaneous."
ipeds_identity_strict_contemporaneous,bridge,Resolved UNITID is also the sole full-OPEID match in the same annual directory.,"Boolean. A narrow identity-corroboration diagnostic, not scope certification or the restrictive longitudinal eligibility flag; administrative status is checked separately."
ipeds_scope_alignment,bridge,Explicit distinction between identity resolution and aid reporting scope.,institution_identity_only_aid_scope_unverified when any UNITID is resolved; unresolved_no_site_allocation otherwise. No amounts are allocated to parent or child institutions.
ipeds_has_other_parent_unitid,bridge,At least one official main-location reference differs from resolved UNITID.,Boolean; requires a resolved unitid and a different member of IPEDSMain. False does not prove absent parent reporting when metadata is unavailable.
ipeds_component_scope_review_required,bridge,At least one of the five examined components requires additional scope review.,"True if Finance, Student Aid, Fall Enrollment, Completions or12-month Enrollment has a parent/child role, undocumented code, inconsistent reference or unavailable metadata. Inspect component-specific fields; do not apply a universal exclusion to every research outcome."
ipeds_finance_scope,bridge,Annual parent/child reporting interpretation for Finance.,"no_parent_child_relation_reported: PRCH=-2 and IDX=-2; parent: PRCH=1; full_child: PRCH=2; metadata_unavailable_or_invalid for absent/invalid fields; undocumented_code for an unrecognized annual role; parent_reference_without_role when PRCH=-2 but IDX identifies a parent. Finance also distinguishes partial_child=3, full_child_nonpostsecondary_parent=4, partial_child_nonpostsecondary_parent=5, and partial_parent_and_child=6 from2016 onward. This scope belongs to the resolved UNITID and this component only; it never allocates FSA measures."
ipeds_finance_parent_reference_missing,bridge,Child-type role lacks a usable parent UNITID reference for Finance.,"Boolean: PRCH in{2,3,6} and IDX is absent/nonpositive. Complements the scope role; false is not proof that all scope metadata exist. Codes4/5 referring to a nonpostsecondary parent are not treated as missing an IPEDS parent by this flag."
ipeds_student_aid_scope,bridge,Annual parent/child reporting interpretation for Student Aid.,no_parent_child_relation_reported: PRCH=-2 and IDX=-2; parent: PRCH=1; full_child: PRCH=2; metadata_unavailable_or_invalid for absent/invalid fields; undocumented_code for an unrecognized annual role; parent_reference_without_role when PRCH=-2 but IDX identifies a parent. This scope belongs to the resolved UNITID and this component only; it never allocates FSA measures.
ipeds_student_aid_parent_reference_missing,bridge,Child-type role lacks a usable parent UNITID reference for Student Aid.,"Boolean: PRCH in{2,3,6} and IDX is absent/nonpositive. Complements the scope role; false is not proof that all scope metadata exist. Codes4/5 referring to a nonpostsecondary parent are not treated as missing an IPEDS parent by this flag."
ipeds_fall_enrollment_scope,bridge,Annual parent/child reporting interpretation for Fall Enrollment.,no_parent_child_relation_reported: PRCH=-2 and IDX=-2; parent: PRCH=1; full_child: PRCH=2; metadata_unavailable_or_invalid for absent/invalid fields; undocumented_code for an unrecognized annual role; parent_reference_without_role when PRCH=-2 but IDX identifies a parent. This scope belongs to the resolved UNITID and this component only; it never allocates FSA measures.
ipeds_fall_enrollment_parent_reference_missing,bridge,Child-type role lacks a usable parent UNITID reference for Fall Enrollment.,"Boolean: PRCH in{2,3,6} and IDX is absent/nonpositive. Complements the scope role; false is not proof that all scope metadata exist. Codes4/5 referring to a nonpostsecondary parent are not treated as missing an IPEDS parent by this flag."
ipeds_completions_scope,bridge,Annual parent/child reporting interpretation for Completions.,no_parent_child_relation_reported: PRCH=-2 and IDX=-2; parent: PRCH=1; full_child: PRCH=2; metadata_unavailable_or_invalid for absent/invalid fields; undocumented_code for an unrecognized annual role; parent_reference_without_role when PRCH=-2 but IDX identifies a parent. This scope belongs to the resolved UNITID and this component only; it never allocates FSA measures.
ipeds_completions_parent_reference_missing,bridge,Child-type role lacks a usable parent UNITID reference for Completions.,"Boolean: PRCH in{2,3,6} and IDX is absent/nonpositive. Complements the scope role; false is not proof that all scope metadata exist. Codes4/5 referring to a nonpostsecondary parent are not treated as missing an IPEDS parent by this flag."
ipeds_twelve_month_enrollment_scope,bridge,Annual parent/child reporting interpretation for 12-month Enrollment.,no_parent_child_relation_reported: PRCH=-2 and IDX=-2; parent: PRCH=1; full_child: PRCH=2; metadata_unavailable_or_invalid for absent/invalid fields; undocumented_code for an unrecognized annual role; parent_reference_without_role when PRCH=-2 but IDX identifies a parent. This scope belongs to the resolved UNITID and this component only; it never allocates FSA measures.
ipeds_twelve_month_enrollment_parent_reference_missing,bridge,Child-type role lacks a usable parent UNITID reference for 12-month Enrollment.,"Boolean: PRCH in{2,3,6} and IDX is absent/nonpositive. Complements the scope role; false is not proof that all scope metadata exist. Codes4/5 referring to a nonpostsecondary parent are not treated as missing an IPEDS parent by this flag."
prch_cos,bridge,Raw parent/child reporting role for the Cost component.,"Annual code from FLAGS, introduced in recent source schemas. -2 generally indicates no parent/child relation. Missing/invalid metadata is not independent reporting. Use annual dictionary and study-specific component scope; no FSA allocation. In bridge these raw fields describe the resolved UNITID; in candidates they describe that individual candidate."
idx_cos,bridge,Raw parent UNITID reference for the Cost component.,"Positive UNITID identifies this component reporting parent; -2 generally not applicable. Source metadata, not a universal campus hierarchy or an allocation rule. In bridge these raw fields describe the resolved UNITID; in candidates they describe that individual candidate."
prch_cos,candidates,Raw parent/child reporting role for the Cost component.,"Annual code from FLAGS, introduced in recent source schemas. -2 generally indicates no parent/child relation. Missing/invalid metadata is not independent reporting. Use annual dictionary and study-specific component scope; no FSA allocation. In bridge these raw fields describe the resolved UNITID; in candidates they describe that individual candidate."
idx_cos,candidates,Raw parent UNITID reference for the Cost component.,"Positive UNITID identifies this component reporting parent; -2 generally not applicable. Source metadata, not a universal campus hierarchy or an allocation rule. In bridge these raw fields describe the resolved UNITID; in candidates they describe that individual candidate."
cw_source_row,bridge,"Excel row number in the Crosswalk sheet, header at row1.","Official crosswalk evidence for the selected ipeds_year, retained without aid allocation. Missing when no annual OPEID crosswalk entry exists. Read together with cw_source_code, candidate cardinality, parse-completeness and preliminary-vintage flags."
cw_source_path,bridge,Absolute path of input workbook in this build.,"Official crosswalk evidence for the selected ipeds_year, retained without aid allocation. Missing when no annual OPEID crosswalk entry exists. Read together with cw_source_code, candidate cardinality, parse-completeness and preliminary-vintage flags."
cw_source_sha256,bridge,SHA-256 of exact input workbook bytes.,"Official crosswalk evidence for the selected ipeds_year, retained without aid allocation. Missing when no annual OPEID crosswalk entry exists. Read together with cw_source_code, candidate cardinality, parse-completeness and preliminary-vintage flags."
cw_preliminary,bridge,"True for filename marked _prelim, currently CW2024_prelim; not final-vintage evidence.","Official crosswalk evidence for the selected ipeds_year, retained without aid allocation. Missing when no annual OPEID crosswalk entry exists. Read together with cw_source_code, candidate cardinality, parse-completeness and preliminary-vintage flags."
cw_source_code,bridge,1=HD/header;2=institution reporting map;3=relationship established using other years;4=official manual comparison;5=no match.,"Official crosswalk evidence for the selected ipeds_year, retained without aid allocation. Missing when no annual OPEID crosswalk entry exists. Read together with cw_source_code, candidate cardinality, parse-completeness and preliminary-vintage flags."
cw_source_method,bridge,Readable label for cw_source_code. Source3 requires explicit retrospective-history treatment.,"Official crosswalk evidence for the selected ipeds_year, retained without aid allocation. Missing when no annual OPEID crosswalk entry exists. Read together with cw_source_code, candidate cardinality, parse-completeness and preliminary-vintage flags."
cw_ipeds_reporting_code,bridge,1=OPEID main and locations report under one UNITID;2=multiple UNITIDs;-2=unknown. Does not override nonempty AddMatch.,"Official crosswalk evidence for the selected ipeds_year, retained without aid allocation. Missing when no annual OPEID crosswalk entry exists. Read together with cw_source_code, candidate cardinality, parse-completeness and preliminary-vintage flags."
cw_parent_opeid8,bridge,"Normalized OPEIDMain, identifying FSA main location. Reference only; not allocation or direct matching key.","Official crosswalk evidence for the selected ipeds_year, retained without aid allocation. Missing when no annual OPEID crosswalk entry exists. Read together with cw_source_code, candidate cardinality, parse-completeness and preliminary-vintage flags."
cw_site_candidate_count,bridge,Number of distinct valid UNITIDs in IPEDSMatch union AddMatch. An incomplete parse means this is a lower bound.,"Official crosswalk evidence for the selected ipeds_year, retained without aid allocation. Missing when no annual OPEID crosswalk entry exists. Read together with cw_source_code, candidate cardinality, parse-completeness and preliminary-vintage flags."
cw_primary_unitid,bridge,Parsed primary IPEDSMatch UNITID; not an assigned UNITID when additional relations exist.,"Official crosswalk evidence for the selected ipeds_year, retained without aid allocation. Missing when no annual OPEID crosswalk entry exists. Read together with cw_source_code, candidate cardinality, parse-completeness and preliminary-vintage flags."
cw_additional_candidate_count,bridge,Distinct valid AddMatch UNITIDs; raw duplicates retained in cw_raw_AddMatch.,"Official crosswalk evidence for the selected ipeds_year, retained without aid allocation. Missing when no annual OPEID crosswalk entry exists. Read together with cw_source_code, candidate cardinality, parse-completeness and preliminary-vintage flags."
cw_parent_candidate_count,bridge,"Distinct valid IPEDSMain UNITIDs, parent references only.","Official crosswalk evidence for the selected ipeds_year, retained without aid allocation. Missing when no annual OPEID crosswalk entry exists. Read together with cw_source_code, candidate cardinality, parse-completeness and preliminary-vintage flags."
cw_has_additional_match,bridge,At least one valid additional UNITID. Invalid additional tokens remain documented in parse issues.,"Official crosswalk evidence for the selected ipeds_year, retained without aid allocation. Missing when no annual OPEID crosswalk entry exists. Read together with cw_source_code, candidate cardinality, parse-completeness and preliminary-vintage flags."
cw_multiple_site_unitids,bridge,More than one distinct valid site candidate; never collapse by taking primary.,"Official crosswalk evidence for the selected ipeds_year, retained without aid allocation. Missing when no annual OPEID crosswalk entry exists. Read together with cw_source_code, candidate cardinality, parse-completeness and preliminary-vintage flags."
cw_relation_parse_complete,bridge,All primary/additional/parent fields parsed completely using full six-digit UNITID tokens and documented pipe separator.,"Official crosswalk evidence for the selected ipeds_year, retained without aid allocation. Missing when no annual OPEID crosswalk entry exists. Read together with cw_source_code, candidate cardinality, parse-completeness and preliminary-vintage flags."
cw_site_parse_complete,bridge,Both IPEDSMatch and AddMatch parsed completely. False blocks a singleton claim.,"Official crosswalk evidence for the selected ipeds_year, retained without aid allocation. Missing when no annual OPEID crosswalk entry exists. Read together with cw_source_code, candidate cardinality, parse-completeness and preliminary-vintage flags."
cw_parse_issues_json,bridge,JSON mapping malformed source fields to their unparsed tokens. Valid tokens and original full strings are still preserved.,"Official crosswalk evidence for the selected ipeds_year, retained without aid allocation. Missing when no annual OPEID crosswalk entry exists. Read together with cw_source_code, candidate cardinality, parse-completeness and preliminary-vintage flags."
cw_site_parent_unitids_differ,bridge,Both site and parent candidate sets nonempty and unequal; signals different site versus main-location scope.,"Official crosswalk evidence for the selected ipeds_year, retained without aid allocation. Missing when no annual OPEID crosswalk entry exists. Read together with cw_source_code, candidate cardinality, parse-completeness and preliminary-vintage flags."
cw_official_no_match,bridge,No site candidates and complete site parse. Inspect cw_source_code to distinguish official Source5 from anomalous empty records.,"Official crosswalk evidence for the selected ipeds_year, retained without aid allocation. Missing when no annual OPEID crosswalk entry exists. Read together with cw_source_code, candidate cardinality, parse-completeness and preliminary-vintage flags."
cw_has_change_notes,bridge,At least one nonmissing COA1..COA5 entry. False does not certify no reorganization.,"Official crosswalk evidence for the selected ipeds_year, retained without aid allocation. Missing when no annual OPEID crosswalk entry exists. Read together with cw_source_code, candidate cardinality, parse-completeness and preliminary-vintage flags."
cw_has_prior_id_notes,bridge,"Nonmissing PY_UNITID/PY_OPEID/PYNotes, which may repeat current IDs without an actual change.","Official crosswalk evidence for the selected ipeds_year, retained without aid allocation. Missing when no annual OPEID crosswalk entry exists. Read together with cw_source_code, candidate cardinality, parse-completeness and preliminary-vintage flags."
cw_raw_OPEID,bridge,Original OPEID cell text.,"Official crosswalk evidence for the selected ipeds_year, retained without aid allocation. Missing when no annual OPEID crosswalk entry exists. Read together with cw_source_code, candidate cardinality, parse-completeness and preliminary-vintage flags."
cw_raw_IPEDSMatch,bridge,Original primary UNITID or no-match sentinel.,"Official crosswalk evidence for the selected ipeds_year, retained without aid allocation. Missing when no annual OPEID crosswalk entry exists. Read together with cw_source_code, candidate cardinality, parse-completeness and preliminary-vintage flags."
cw_raw_AddMatch,bridge,Original pipe-delimited additional current-reference-year UNITIDs. Six published University of Phoenix cells are truncated mid-ID.,"Official crosswalk evidence for the selected ipeds_year, retained without aid allocation. Missing when no annual OPEID crosswalk entry exists. Read together with cw_source_code, candidate cardinality, parse-completeness and preliminary-vintage flags."
cw_raw_Source,bridge,Original official match-source code.,"Official crosswalk evidence for the selected ipeds_year, retained without aid allocation. Missing when no annual OPEID crosswalk entry exists. Read together with cw_source_code, candidate cardinality, parse-completeness and preliminary-vintage flags."
cw_raw_PEPSSchname,bridge,PEPS main institution name; may reflect later PEPS vintage.,"Official crosswalk evidence for the selected ipeds_year, retained without aid allocation. Missing when no annual OPEID crosswalk entry exists. Read together with cw_source_code, candidate cardinality, parse-completeness and preliminary-vintage flags."
cw_raw_PEPSLocname,bridge,"PEPS location name; useful corroboration, never a name-only identity assignment.","Official crosswalk evidence for the selected ipeds_year, retained without aid allocation. Missing when no annual OPEID crosswalk entry exists. Read together with cw_source_code, candidate cardinality, parse-completeness and preliminary-vintage flags."
cw_raw_PEPSEligCert,bridge,PEPS eligibility/certification/approval evidence; triplet detail unavailable before2005. Not necessarily contemporaneous operating status.,"Official crosswalk evidence for the selected ipeds_year, retained without aid allocation. Missing when no annual OPEID crosswalk entry exists. Read together with cw_source_code, candidate cardinality, parse-completeness and preliminary-vintage flags."
cw_raw_IPEDSInstnm,bridge,Name of primary IPEDS matched institution.,"Official crosswalk evidence for the selected ipeds_year, retained without aid allocation. Missing when no annual OPEID crosswalk entry exists. Read together with cw_source_code, candidate cardinality, parse-completeness and preliminary-vintage flags."
cw_raw_IPEDSPSET4FLG,bridge,Primary IPEDS match postsecondary/Title IV code;9 is inactive and -2 unavailable. Check annual directory flags.,"Official crosswalk evidence for the selected ipeds_year, retained without aid allocation. Missing when no annual OPEID crosswalk entry exists. Read together with cw_source_code, candidate cardinality, parse-completeness and preliminary-vintage flags."
cw_raw_f1sysnam,bridge,IPEDS multi-institution system name; common ownership is not proof of common reporting scope.,"Official crosswalk evidence for the selected ipeds_year, retained without aid allocation. Missing when no annual OPEID crosswalk entry exists. Read together with cw_source_code, candidate cardinality, parse-completeness and preliminary-vintage flags."
cw_raw_IPEDSrpt,bridge,Original one-versus-multiple-IPEDSinstitutions reporting code.,"Official crosswalk evidence for the selected ipeds_year, retained without aid allocation. Missing when no annual OPEID crosswalk entry exists. Read together with cw_source_code, candidate cardinality, parse-completeness and preliminary-vintage flags."
cw_raw_OPEIDMain,bridge,Original FSA main-location OPEID reference.,"Official crosswalk evidence for the selected ipeds_year, retained without aid allocation. Missing when no annual OPEID crosswalk entry exists. Read together with cw_source_code, candidate cardinality, parse-completeness and preliminary-vintage flags."
cw_raw_IPEDSMain,bridge,"Original UNITID(s) of main-location match, reference only.","Official crosswalk evidence for the selected ipeds_year, retained without aid allocation. Missing when no annual OPEID crosswalk entry exists. Read together with cw_source_code, candidate cardinality, parse-completeness and preliminary-vintage flags."
cw_raw_PY_UNITID,bridge,"Prior-year UNITID(s) supplied by source, not a same-year candidate.","Official crosswalk evidence for the selected ipeds_year, retained without aid allocation. Missing when no annual OPEID crosswalk entry exists. Read together with cw_source_code, candidate cardinality, parse-completeness and preliminary-vintage flags."
cw_raw_PYNotes,bridge,Source-described prior/current UNITID change evidence.,"Official crosswalk evidence for the selected ipeds_year, retained without aid allocation. Missing when no annual OPEID crosswalk entry exists. Read together with cw_source_code, candidate cardinality, parse-completeness and preliminary-vintage flags."
cw_raw_PY_OPEID,bridge,"Prior-year final OPEID(s), not an automatically applicable historical FSA identifier.","Official crosswalk evidence for the selected ipeds_year, retained without aid allocation. Missing when no annual OPEID crosswalk entry exists. Read together with cw_source_code, candidate cardinality, parse-completeness and preliminary-vintage flags."
cw_raw_COA1,bridge,Change-event text: old OPEID|new OPEID|change type|YYYYMMDD. -2 unavailable; date and reporting period require review.,"Official crosswalk evidence for the selected ipeds_year, retained without aid allocation. Missing when no annual OPEID crosswalk entry exists. Read together with cw_source_code, candidate cardinality, parse-completeness and preliminary-vintage flags."
cw_raw_COA2,bridge,Change-event text: old OPEID|new OPEID|change type|YYYYMMDD. -2 unavailable; date and reporting period require review.,"Official crosswalk evidence for the selected ipeds_year, retained without aid allocation. Missing when no annual OPEID crosswalk entry exists. Read together with cw_source_code, candidate cardinality, parse-completeness and preliminary-vintage flags."
cw_raw_COA3,bridge,Change-event text: old OPEID|new OPEID|change type|YYYYMMDD. -2 unavailable; date and reporting period require review.,"Official crosswalk evidence for the selected ipeds_year, retained without aid allocation. Missing when no annual OPEID crosswalk entry exists. Read together with cw_source_code, candidate cardinality, parse-completeness and preliminary-vintage flags."
cw_raw_COA4,bridge,Change-event text: old OPEID|new OPEID|change type|YYYYMMDD. -2 unavailable; date and reporting period require review.,"Official crosswalk evidence for the selected ipeds_year, retained without aid allocation. Missing when no annual OPEID crosswalk entry exists. Read together with cw_source_code, candidate cardinality, parse-completeness and preliminary-vintage flags."
cw_raw_COA5,bridge,Change-event text: old OPEID|new OPEID|change type|YYYYMMDD. -2 unavailable; date and reporting period require review.,"Official crosswalk evidence for the selected ipeds_year, retained without aid allocation. Missing when no annual OPEID crosswalk entry exists. Read together with cw_source_code, candidate cardinality, parse-completeness and preliminary-vintage flags."
cw_duplicate_opeid_rows,bridge,"More than one source record with identical year/full OPEID; all source rows retained, no arbitrary reduction.","Official crosswalk evidence for the selected ipeds_year, retained without aid allocation. Missing when no annual OPEID crosswalk entry exists. Read together with cw_source_code, candidate cardinality, parse-completeness and preliminary-vintage flags."
ipeds_crosswalk_anchor_sensitivity,bridge,Official site-candidate identity/scope comparison between award-year start and end.,"scope_or_identity_conflict: either anchor has multiple site candidates or incomplete parsing, or both have different singleton site candidates. year_unavailable: at least one OPEID-year crosswalk record is absent; this can be a missing year or missing entry. stable_unique: both have the same singleton; ambiguous_or_unmatched: remaining cases with records. Conflict vetoes the restrictive longitudinal subset but need not erase the chosen-year annual identity. Absence of crosswalk evidence is not proof of longitudinal stability."
ipeds_candidate_unitid_before_descriptor_review,bridge,Singleton identity candidate before FSA-versus-IPEDS descriptor checks.,Nullable integer retained even when explicit foreign/domestic geography contradiction blocks final unitid. Evidence only; use final unitid and eligibility for analysis.
ipeds_candidate_instnm,bridge,Annual directory name of the candidate before descriptor review.,Retained to explain a geography veto or inspect naming differences. Not a name-based matching key or proof of comparable institutional scope.
ipeds_candidate_stabbr,bridge,Annual directory state/jurisdiction of the candidate before descriptor review.,Raw abbreviation used with FSA geography evidence. Preserved when final resolved metadata are cleared after an explicit geography conflict.
ipeds_identity_geography_conflict,bridge,Explicit foreign-versus-domestic contradiction between FSA and the prospective IPEDS identity.,"Boolean: FSA foreign_explicit with HD state in US/DC/territories/freely associated states, or FSA domestic/territorial with HD FC. True blocks final UNITID/annual eligibility and excludes that disproved membership from universe coverage. Ordinary differences between domestic states do not trigger this veto."
ipeds_fsa_hd_state_conflict,bridge,Both canonical FSA and candidate HD states are domestic/territorial but differ.,"Boolean review diagnostic only. Includes headquarters versus branch addresses, moves, and timing differences; does not automatically revoke identity. Canonical FSA state only, unlike geography classification which examines available program-family descriptors."
ipeds_fsa_hd_name_similarity,bridge,Normalized name similarity between canonical FSA name and candidate HD institution name.,"Nullable numeric ratio0–1 from SequenceMatcher after school_compare_key normalization. Computed only when both comparison names exist; higher is more similar. This is a review aid, not an identity match score or institutional-scope certification."
ipeds_fsa_hd_name_review_required,bridge,Candidate FSA/HD names have low normalized similarity.,"Boolean true when nonmissing name similarity is below0.5. Diagnostic only; renaming, retrospective source descriptors and reporting parents can explain differences. False also includes missing comparison names and does not guarantee agreement."
fsa_source_identity_kind,bridge,Distinguishes the reviewed noninstitutional consolidation-account placeholder from other FSA reporting IDs.,noninstitutional_placeholder only for full ID88888800 with source label DEFAULT SCHOOL FOR CONSOLIDATED LOANS; otherwise institution_or_unverified_reporting_unit. The placeholder is preserved for original source accounting but never receives an annual UNITID or institutional eligibility. Other values do not certify every reporting ID as a real standalone institution.
